"supplier_key","supplier_id","supplier_name"
1,"84-472-8001",Eimbee
2,"82-313-4469",Skibox
3,"96-393-1428",Jabbersphere
4,"68-482-4786",Realpoint
5,"45-886-1540",Innojam
6,"83-960-5274",Yadel
7,"15-947-9718",Talane
8,"17-167-4304",Livetube
9,"86-995-7254",Devpulse
10,"67-771-7656",Photospace
11,"35-979-6839",Yoveo
12,"80-068-0825",Devcast
13,"03-117-6217",Yakijo
14,"77-471-0792",Tekfly
15,"73-717-0190",Vinder
16,"21-697-8128",Skalith
17,"04-786-5408",Buzzdog
18,"75-328-1709",Pixope
19,"44-388-2451",Skidoo
20,"27-541-2645",Jaxspan
21,"75-536-2986",Eabox
22,"02-165-5779",Npath
23,"41-587-4864",Skyble
24,"98-791-5014",Voonder
25,"36-451-3173",Topicware
26,"71-727-8611",Ntag
27,"08-439-3820",Demivee
28,"82-235-9317",Meeveo
29,"14-414-1945",Voonder
30,"28-465-9141",Tagopia
31,"13-179-9553",Babblestorm
32,"43-035-3382",Kanoodle
33,"00-900-0119",Zoonder
34,"27-636-1606",Kamba
35,"89-439-6947",Avavee
36,"53-497-9614",Jaxbean
37,"15-550-0171",Vinder
38,"69-460-9770",InnoZ
39,"47-183-4911",Mydo
40,"87-546-9674",Dynabox
41,"23-319-2681",Feedmix
42,"14-486-5626",Skyndu
43,"37-599-8579",BlogXS
44,"26-061-5253",Trupe
45,"27-996-8883",Skippad
46,"94-261-1193",Browseblab
47,"24-568-9517",Kwimbee
48,"82-552-6786",Shufflester
49,"77-783-4107",Dazzlesphere
50,"75-849-4524",Yata
51,"50-747-2259",Jaloo
52,"62-011-9357",Quatz
53,"54-226-4308",Topicstorm
54,"40-443-3362",Realcube
55,"27-060-9944",Topicshots
56,"56-422-1480",Jaxworks
57,"21-829-0398",Edgewire
58,"73-210-4267",Skimia
59,"95-200-1972",Jabberstorm
60,"11-098-3982",Wikivu
61,"26-280-5472",Myworks
62,"63-231-2829",Miboo
63,"19-418-7213",Camido
64,"95-889-8592",Mydeo
65,"67-541-7091",Trudoo
66,"28-461-1136",Youopia
67,"21-932-5200",Skimia
68,"40-417-9838",Vinder
69,"73-445-3017",Jazzy
70,"18-065-8014",Pixonyx
71,"48-176-1622",Skinix
72,"61-755-4469",Digitube
73,"05-181-2682",Skidoo
74,"87-032-6971",Kanoodle
75,"59-979-6740",Brightdog
76,"34-315-1199",Youbridge
77,"74-119-8973",Centimia
78,"79-656-1990",Yodo
79,"56-439-3559",Devpoint
80,"34-334-6888",Topicstorm
81,"97-821-7402",Buzzshare
82,"06-315-0552",Jabbersphere
83,"97-155-1262",Katz
84,"69-933-2582",Realpoint
85,"61-100-8296",Yambee
86,"62-979-5038",Babbleopia
87,"56-196-9896",Tagopia
88,"01-853-2191",Bubblemix
89,"89-134-9717",Ozu
90,"97-325-5889",Twitterbridge
91,"41-628-8713",Feedmix
92,"45-471-5053",Blogtags
93,"22-050-5775",Jaxworks
94,"06-303-4127",Zoombox
95,"26-080-4944",Pixonyx
96,"26-222-1156",Skinix
97,"41-083-3955",Skipfire
98,"66-832-1802",Browsetype
99,"67-252-3923",Lajo
100,"57-486-8971",Tazz
101,"57-569-7172",Blognation
102,"81-292-4650",Voolith
103,"96-405-4286",Aivee
104,"75-465-6257",Feedspan
105,"70-901-6191",Babblestorm
106,"73-383-4390",Feedmix
107,"13-109-8639",Katz
108,"70-064-6828",Tanoodle
109,"35-906-1010",Jabbersphere
110,"02-575-2074",Yabox
111,"81-694-0300",Topicware
112,"42-210-6541",Gabvine
113,"54-711-1582",Oyoloo
114,"24-603-5521",Quinu
115,"51-519-4588",Tanoodle
116,"30-605-2164",Tagcat
117,"78-283-9751",Demivee
118,"12-433-6490",Rhyzio
119,"37-079-2530",Oba
120,"40-260-8547",Abata
121,"97-143-0641",Yozio
122,"54-919-9424",Dabtype
123,"30-934-3251",Rhybox
124,"83-401-2709",Youbridge
125,"88-615-2915",Flashspan
126,"70-463-6597",Fadeo
127,"15-444-8224",Flipopia
128,"14-190-2260",Skiptube
129,"72-024-1595",Quinu
130,"59-629-0798",Chatterpoint
131,"83-104-8425",Voomm
132,"36-780-8625",Mydo
133,"94-145-9423",Janyx
134,"65-611-4749",Devcast
135,"34-161-7429",Zoomlounge
136,"78-877-1866",Skyble
137,"37-281-2537",Kwideo
138,"92-830-6986",Topicstorm
139,"85-594-2570",Topdrive
140,"62-648-2577",Katz
141,"54-724-8610",Rhyloo
142,"94-903-2643",Devcast
143,"39-339-3869",Bubblemix
144,"64-604-1679",Browsetype
145,"81-233-6894",Babblestorm
146,"13-433-4930",Gigashots
147,"59-570-2020",Brainverse
148,"69-112-6969",Skajo
149,"71-467-4910",Babbleset
150,"12-983-3026",Mybuzz
151,"50-877-0990",Mymm
152,"61-424-7670",Yabox
153,"00-131-9278",Skynoodle
154,"60-038-7810",Roomm
155,"29-975-3449",Wikizz
156,"68-415-1025",Yambee
157,"89-992-6472",Twimm
158,"96-001-5429",Jaxspan
159,"84-498-3849",Vinte
160,"97-150-9199",Skynoodle
161,"70-825-7341",Chatterpoint
162,"81-676-3345",Gabvine
163,"70-591-9841",Livepath
164,"62-766-8232",Riffpedia
165,"27-970-8649",Mynte
166,"91-451-2016",Ooba
167,"64-452-2395",Fivebridge
168,"90-445-1753",Yombu
169,"39-257-6162",Youtags
170,"93-688-1260",Realblab
171,"76-671-7104",Linklinks
172,"99-455-0707",Mudo
173,"18-631-1458",Zooxo
174,"96-353-3049",Oozz
175,"62-312-2748",Camido
176,"16-776-9987",Gevee
177,"94-453-3755",Blogspan
178,"32-497-0478",Omba
179,"10-295-7996",Trudeo
180,"52-340-4509",Ainyx
181,"42-523-1857",Twitterwire
182,"55-251-3001",Quamba
183,"53-998-1422",Kwideo
184,"14-108-0409",Dabtype
185,"86-173-6891",Avamm
186,"87-201-6047",Quinu
187,"64-800-4141",BlogXS
188,"10-060-8515",Skivee
189,"41-825-5869",Eimbee
190,"55-269-1746",Camido
191,"23-482-0516",Layo
192,"46-382-2024",Fiveclub
193,"76-870-2139",Jayo
194,"85-211-5357",Izio
195,"19-098-2529",Babblestorm
196,"58-536-6583",Meevee
197,"54-537-5633",Meeveo
198,"53-718-1768",Devcast
199,"78-024-3286",Kanoodle
200,"64-674-3902",Thoughtblab
201,"33-733-7313",Livetube
202,"30-410-3509",Gigashots
203,"40-817-2222",Youfeed
204,"60-003-2919",Livepath
205,"68-200-8955",Mynte
206,"64-361-4238",Rhycero
207,"25-769-3792",Skaboo
208,"48-878-3021",Yamia
209,"53-243-7800",Yakitri
210,"15-655-3923",Browsezoom
211,"82-737-6019",Devshare
212,"84-869-9980",Zazio
213,"52-359-1255",Mycat
214,"56-823-5908",Livefish
215,"37-630-2250",Youbridge
216,"97-055-2756",Janyx
217,"18-682-7828",Wordify
218,"66-227-1125",Devshare
219,"50-862-4552",Kimia
220,"19-156-3869",Camimbo
221,"34-667-8907",Thoughtbridge
222,"29-009-9132",Thoughtblab
223,"03-220-5535",Skivee
224,"31-483-9201",Tagchat
225,"50-314-5433",Brainbox
226,"28-977-3789",Skidoo
227,"40-436-0171",Gevee
228,"71-991-5737",Izio
229,"80-622-6587",Tagcat
230,"58-474-3510",Dazzlesphere
231,"21-792-1000",Oyoyo
232,"51-010-8144",Buzzster
233,"11-430-6041",Wordpedia
234,"75-448-1356",Wikido
235,"92-296-1266",Thoughtsphere
236,"83-941-9620",Rooxo
237,"01-165-8830",Babbleblab
238,"28-162-7486",Snaptags
239,"31-628-6696",Jabbersphere
240,"19-704-4404",Rooxo
241,"96-215-2767",Lajo
242,"78-954-5649",Tambee
243,"00-023-7719",Kamba
244,"35-835-8848",Oyoloo
245,"69-832-7009",Meevee
246,"49-762-8263",Skibox
247,"85-272-3969",Quatz
248,"47-026-0505",Vidoo
249,"28-314-1189",Shuffletag
250,"28-837-4164",Blogtag
251,"84-941-3034",Mybuzz
252,"65-797-3468",Skyndu
253,"34-017-9457",Layo
254,"68-493-0378",Innojam
255,"39-506-2186",Jaxspan
256,"80-567-5598",Skipfire
257,"22-644-6447",Quamba
258,"37-996-3243",Trilith
259,"58-945-2944",Vimbo
260,"50-305-3936",Twitterworks
261,"95-778-2888",Quinu
262,"10-762-7936",Katz
263,"49-247-1217",Lazz
264,"16-474-4516",Brightdog
265,"48-707-5857",Buzzdog
266,"33-466-7894",Yotz
267,"64-584-7898",Zava
268,"17-345-5800",Realblab
269,"11-742-5033",Blogpad
270,"99-784-4391",Voolia
271,"06-776-1072",Trilia
272,"02-530-5932",Edgewire
273,"55-134-2668",Mybuzz
274,"71-676-6562",Roombo
275,"39-521-8484",Thoughtsphere
276,"39-055-1703",Zoozzy
277,"08-359-2568",Tagpad
278,"23-688-6256",Trupe
279,"98-155-9583",Buzzshare
280,"67-272-8844",Browsetype
281,"93-358-1118",Yakijo
282,"07-578-7055",Shuffledrive
283,"96-551-3929",Devbug
284,"75-406-6250",Wikizz
285,"44-646-7502",Kare
286,"76-797-9430",Twitterbridge
287,"82-482-3670",Gigabox
288,"37-567-5710",Fanoodle
289,"40-056-7748",Fivebridge
290,"49-559-7092",Shuffledrive
291,"15-062-6342",Topiczoom
292,"95-734-4024",Meevee
293,"79-091-7381",Katz
294,"31-281-2352",Riffwire
295,"55-838-9088",Cogilith
296,"63-528-0643",Realcube
297,"13-290-8513",Topiclounge
298,"25-190-3172",Jayo
299,"64-396-5538",Skidoo
300,"58-053-4926",Kazu
301,"27-772-7906",Gigazoom
302,"81-072-8266",Quaxo
303,"01-285-0018",Meezzy
304,"40-180-0752",Oba
305,"90-554-0576",Kayveo
306,"51-014-4287",Gigazoom
307,"27-292-4656",Zava
308,"10-694-6636",Aivee
309,"95-944-5323",Browsetype
310,"44-429-6199",Flashset
311,"57-204-2098",Rhynyx
312,"89-959-2254",Flipopia
313,"31-676-5646",Skyndu
314,"80-833-3051",Yakitri
315,"49-384-4540",Blogpad
316,"87-840-7803",Jayo
317,"15-365-5585",Flipbug
318,"50-378-4320",Chatterpoint
319,"72-013-2438",Eidel
320,"59-968-8346",Katz
321,"52-744-6162",Chatterbridge
322,"34-389-9922",Linklinks
323,"73-830-9633",Blognation
324,"41-978-3326",Oyonder
325,"86-400-4155",Centidel
326,"45-602-6533",Devpoint
327,"02-156-7270",Meedoo
328,"72-360-6358",Centimia
329,"78-098-4468",Avaveo
330,"55-773-9118",Ozu
331,"51-215-2283",Einti
332,"23-280-1300",Lazz
333,"32-771-2617",Latz
334,"05-727-0033",Quinu
335,"74-062-7176",Dynazzy
336,"43-542-6868",Ainyx
337,"34-303-5097",Jazzy
338,"37-994-7932",Skimia
339,"26-593-3478",Eire
340,"64-807-5250",Skalith
341,"02-510-0629",Eidel
342,"64-118-1480",Buzzster
343,"32-371-1686",Avaveo
344,"51-076-1164",Ozu
345,"21-450-5520",Digitube
346,"07-959-3210",Browseblab
347,"47-509-7282",Meevee
348,"56-050-1773",Photobean
349,"12-950-4397",Abatz
350,"63-969-9608",Meetz
351,"30-942-0054",Izio
352,"98-587-7923",Bluejam
353,"16-656-4821",Camido
354,"72-931-9828",Brainsphere
355,"06-708-1412",Skinte
356,"47-732-4446",Demizz
357,"65-403-0311",Feedmix
358,"57-202-5756",Dazzlesphere
359,"55-156-6528",Topicblab
360,"35-462-7569",Devpulse
361,"23-931-2988",Roodel
362,"08-218-9429",Aivee
363,"88-428-6227",Photobean
364,"87-159-6467",Voolith
365,"91-191-2324",Thoughtbeat
366,"39-299-6093",Jabberstorm
367,"05-966-6460",Talane
368,"99-864-0256",Rhyloo
369,"04-391-7610",Tagfeed
370,"02-997-1489",LiveZ
371,"46-316-6919",Linktype
372,"35-370-7603",Aimbu
373,"89-048-3542",Chatterbridge
374,"33-523-9077",Gabspot
375,"29-359-0109",Oozz
376,"61-912-9541",Realblab
377,"54-031-2945",Vinder
378,"38-643-1626",Omba
379,"22-083-3504",Quire
380,"38-310-4533",Omba
381,"75-793-8978",Plajo
382,"48-557-5036",Quatz
383,"01-900-4509",Jetpulse
384,"78-888-6073",Chatterbridge
385,"85-932-1011",Feedbug
386,"41-772-6271",Browsezoom
387,"51-054-3811",BlogXS
388,"56-969-3705",Feedfish
389,"35-042-9391",Rhynyx
390,"09-090-6360",Centizu
391,"01-431-7544",Yodoo
392,"64-831-3071",Rhycero
393,"70-402-4816",Kwilith
394,"79-518-8344",Linktype
395,"98-107-0604",Wikido
396,"00-912-3545",Gigabox
397,"57-633-6273",Vimbo
398,"86-841-6074",Skyba
399,"48-700-8059",Feedfire
400,"07-520-1107",Devshare
401,"60-159-3514",Geba
402,"32-402-9679",Einti
403,"75-553-7424",Youspan
404,"30-460-3122",Shuffledrive
405,"61-604-8116",BlogXS
406,"05-050-4384",Babblestorm
407,"32-196-4714",Flipopia
408,"91-788-3177",Feedfire
409,"51-213-5660",Ainyx
410,"61-040-9004",Voomm
411,"04-866-2231",Rhyzio
412,"85-532-0172",Roombo
413,"69-378-2045",Brainlounge
414,"78-787-7171",Quinu
415,"61-917-4271",Eadel
416,"26-073-5798",Oyoyo
417,"37-686-1726",Oba
418,"57-544-2465",Yoveo
419,"46-041-1131",Photofeed
420,"69-416-9493",Katz
421,"11-466-3182",Demivee
422,"21-490-8051",Dynabox
423,"97-571-0561",Bubblemix
424,"48-562-3582",Flashspan
425,"33-141-1402",Gigaclub
426,"78-459-1417",Gevee
427,"69-666-2257",Skidoo
428,"08-523-5066",Jaxspan
429,"52-012-3409",Skinix
430,"29-567-3732",Skyvu
431,"43-786-9229",Bluezoom
432,"23-274-3305",Lazz
433,"52-062-2916",Kanoodle
434,"98-304-8407",Rhyloo
435,"72-514-7323",Cogilith
436,"35-927-4986",Photospace
437,"60-508-7567",Fatz
438,"94-958-6101",Twitterbeat
439,"89-574-3430",Kayveo
440,"72-306-8602",Kwinu
441,"34-738-1209",Photobug
442,"42-254-7371",Divape
443,"67-662-3444",Mydeo
444,"87-570-0273",Blognation
445,"93-877-9384",Gabcube
446,"37-921-2953",Thoughtworks
447,"69-289-8783",Wikibox
448,"86-184-4829",Geba
449,"64-070-7611",Bubblebox
450,"83-076-5024",Photobean
451,"01-445-8931",Thoughtblab
452,"58-213-1146",Twitterwire
453,"29-689-5014",Mynte
454,"86-709-5618",Rhynoodle
455,"37-902-0286",Lazz
456,"12-431-9207",Oyondu
457,"58-087-3463",Yodo
458,"19-978-0708",Oloo
459,"73-744-7022",Thoughtstorm
460,"02-272-0535",Livetube
461,"89-468-2696",Topiclounge
462,"79-915-4185",Brainverse
463,"03-615-0558",Reallinks
464,"08-912-0895",Meevee
465,"90-940-9550",Eabox
466,"74-729-7466",Skipfire
467,"14-724-4622",Tagtune
468,"49-591-1019",JumpXS
469,"79-086-1717",Janyx
470,"19-875-5642",Devpulse
471,"22-836-5101",Livepath
472,"42-361-6981",Quimm
473,"27-061-4764",Devpulse
474,"17-546-8875",Meejo
475,"86-441-7850",Skalith
476,"44-495-6660",Jaxnation
477,"30-820-2883",Voolia
478,"91-030-6609",Fivebridge
479,"02-656-3112",Flashdog
480,"43-575-2151",Geba
481,"87-893-6089",Twitterwire
482,"54-529-4459",Oyoba
483,"57-774-4116",Tagcat
484,"17-807-6972",Aibox
485,"17-963-6051",Abata
486,"04-313-0298",Miboo
487,"67-596-1997",Vitz
488,"99-553-6838",Skipfire
489,"42-638-2086",Shufflester
490,"61-793-0279",Demimbu
491,"42-252-5861",Yodo
492,"93-619-6639",Quamba
493,"52-130-3457",Agivu
494,"74-943-4552",Demivee
495,"91-216-7668",Cogilith
496,"71-092-6845",Shuffledrive
497,"11-005-7835",Podcat
498,"57-473-8672",Shuffledrive
499,"21-416-3796",Feednation
500,"93-180-4005",Flipopia
501,"37-878-9392",Jetpulse
502,"08-312-0872",Buzzshare
503,"82-266-1796",Skyba
504,"44-760-4337",Jatri
505,"96-177-4040",Kayveo
506,"88-418-3855",Jatri
507,"93-793-4398",Twitterwire
508,"67-137-4215",Wordify
509,"41-800-2842",Topicshots
510,"91-632-7343",Layo
511,"01-665-0053",Zoovu
512,"14-231-9135",Izio
513,"31-955-7362",Yodo
514,"75-906-1086",Demizz
515,"80-328-4990",Dazzlesphere
516,"69-087-6645",Linktype
517,"27-406-7972",Topdrive
518,"18-490-4140",Skaboo
519,"61-807-0746",Edgetag
520,"53-247-1844",Centimia
521,"74-119-5491",Feedfire
522,"38-622-5251",Midel
523,"28-521-7083",Centizu
524,"45-903-0036",Voonyx
525,"16-419-1419",Brainverse
526,"79-219-8469",Einti
527,"06-151-9076",Bluezoom
528,"82-995-0739",BlogXS
529,"15-739-5480",Tagfeed
530,"98-591-1051",Vitz
531,"66-317-4895",Jabbertype
532,"51-666-7174",Skipfire
533,"61-867-3019",Dabtype
534,"26-860-4618",Innotype
535,"78-203-1075",Dynazzy
536,"28-442-2578",Riffwire
537,"84-504-7617",Youfeed
538,"04-854-7165",Digitube
539,"23-052-4744",Devpoint
540,"45-923-7206",Flashset
541,"29-112-1577",Trilia
542,"42-080-6579",Wordtune
543,"69-861-0313",Voomm
544,"22-946-8052",Meevee
545,"79-575-9351",Flashspan
546,"37-099-6976",Vinte
547,"43-679-7350",Lajo
548,"86-841-4440",Yamia
549,"90-447-5123",Trunyx
550,"44-451-2764",Katz
551,"47-687-2255",Katz
552,"40-002-8400",Fliptune
553,"83-361-7509",Devpoint
554,"26-920-6626",Buzzbean
555,"91-127-7174",Dabshots
556,"88-020-6814",Centizu
557,"23-450-0301",Gabspot
558,"46-830-4835",Mudo
559,"18-880-7910",DabZ
560,"94-157-1762",Devpulse
561,"01-495-9336",Bubblemix
562,"05-719-6858",Skimia
563,"22-506-4911",Oloo
564,"07-067-3439",Tanoodle
565,"35-941-2585",DabZ
566,"32-182-1895",Thoughtstorm
567,"99-570-8162",Browsedrive
568,"77-842-0920",Quire
569,"55-557-8544",Layo
570,"82-470-7146",Mybuzz
571,"32-458-6452",Zava
572,"89-159-0852",Eazzy
573,"39-714-7313",Yakidoo
574,"66-563-9462",Eire
575,"76-712-0418",Photobug
576,"59-849-9942",Photobean
577,"17-359-2527",Yotz
578,"25-414-2945",Snaptags
579,"29-156-0691",Meeveo
580,"31-199-3683",Brainverse
581,"47-831-9154",Trunyx
582,"42-746-2717",Zava
583,"95-715-6047",Dabtype
584,"07-754-2313",Topiclounge
585,"07-432-0137",Yadel
586,"72-784-3292",Skimia
587,"94-217-4781",Flipbug
588,"29-774-6779",Twitterwire
589,"27-532-7847",Twitterbeat
590,"56-092-7992",Zooxo
591,"11-445-3951",Quinu
592,"18-260-7354",Realfire
593,"07-987-4536",Gigabox
594,"91-417-6283",Shuffletag
595,"58-657-7257",Youspan
596,"84-949-8378",Twitterwire
597,"26-438-8349",Jatri
598,"01-517-7793",Ntags
599,"66-684-1941",Wordware
600,"42-380-8881",Edgepulse
601,"25-706-2146",Roodel
602,"10-540-5841",Realpoint
603,"89-843-0880",Meemm
604,"60-959-6355",Zoonder
605,"98-940-7545",Skipfire
606,"33-546-5056",Yata
607,"68-609-1972",Vinder
608,"79-955-6260",Tagpad
609,"80-863-1186",Riffwire
610,"43-880-2879",Quatz
611,"75-985-6744",Youbridge
612,"99-034-7010",Yata
613,"96-918-7047",Topicshots
614,"48-450-4126",Yombu
615,"06-159-1957",Skiba
616,"91-492-8216",Midel
617,"32-178-2765",Abatz
618,"32-386-9832",Bluejam
619,"88-663-3393",Photojam
620,"56-110-5754",Photobug
621,"18-733-2453",Dynava
622,"86-879-7811",Zoomzone
623,"73-069-2753",Skipstorm
624,"29-821-5359",Babbleopia
625,"72-649-3163",Thoughtstorm
626,"41-713-1053",Vinder
627,"66-174-9633",Linkbridge
628,"54-907-6531",Demivee
629,"40-800-4739",Voolith
630,"29-542-9338",Rhybox
631,"08-209-1598",Blogspan
632,"26-454-7297",Dabfeed
633,"20-426-2191",Dabvine
634,"86-292-4587",Dabjam
635,"07-410-2867",Rooxo
636,"10-008-6747",Shuffletag
637,"97-994-0773",Zoovu
638,"91-589-9007",Devshare
639,"32-914-1424",Tazz
640,"38-037-1699",Jaxnation
641,"82-157-4299",Jabbersphere
642,"01-801-9502",Vidoo
643,"74-726-0855",Shufflebeat
644,"95-721-9228",Brightbean
645,"31-892-6816",Kwilith
646,"62-086-0407",Shufflester
647,"89-976-4338",Zoombox
648,"65-160-1426",Ooba
649,"17-084-8551",Ozu
650,"85-823-7428",Skimia
651,"65-068-1200",Gigashots
652,"09-387-1119",Mudo
653,"61-222-8413",Viva
654,"41-867-9911",Youbridge
655,"07-055-5188",Gigashots
656,"41-821-0197",Innojam
657,"56-554-1762",Cogibox
658,"21-634-5781",Vipe
659,"99-680-2351",Innojam
660,"57-323-8059",Browsezoom
661,"78-381-5054",Zooveo
662,"70-515-9048",Voonyx
663,"86-760-5412",Linklinks
664,"80-462-5807",Gabspot
665,"78-726-6352",Youfeed
666,"79-704-1471",Avamm
667,"61-796-7912",Kare
668,"34-014-5873",Skynoodle
669,"67-679-4930",Muxo
670,"78-644-5877",Demimbu
671,"54-659-1177",Twiyo
672,"57-133-8386",Skinte
673,"40-070-5881",Topicstorm
674,"59-595-7531",Roomm
675,"90-378-8463",Twitterbeat
676,"64-528-9996",Realmix
677,"82-527-9395",Meejo
678,"31-524-1628",Jaxnation
679,"50-050-5707",Twitterbeat
680,"88-647-5082",Quatz
681,"68-836-0350",Skyble
682,"69-415-3675",Thoughtbeat
683,"03-983-0515",Wordpedia
684,"90-453-4096",Realmix
685,"42-976-2737",Edgeclub
686,"55-952-9832",Eidel
687,"56-965-0404",Brightbean
688,"71-300-8176",Topicblab
689,"79-366-7207",Zoombeat
690,"83-936-5065",Photolist
691,"32-745-8366",Rhynoodle
692,"51-054-1226",Centizu
693,"20-608-1290",Photospace
694,"66-973-4855",Yodoo
695,"62-687-0951",Oyondu
696,"49-608-3851",Thoughtmix
697,"06-286-2758",Kwimbee
698,"76-641-2070",Flashspan
699,"73-625-5112",Yadel
700,"37-519-7762",Plajo
701,"68-885-5553",Zoovu
702,"39-488-0039",Viva
703,"08-490-1714",Skidoo
704,"81-276-8218",Jaxworks
705,"19-469-9841",Kayveo
706,"74-619-4608",Roomm
707,"37-057-3553",Brightbean
708,"79-508-5241",Avamba
709,"96-012-3393",Eamia
710,"26-730-0925",Devshare
711,"53-799-3174",Mybuzz
712,"23-197-9965",Shufflester
713,"14-009-8505",Feedfire
714,"27-557-2375",Roombo
715,"82-525-7224",Skipstorm
716,"50-918-1373",Twitternation
717,"54-876-4296",Fiveclub
718,"34-850-0377",Devbug
719,"12-947-4739",Mybuzz
720,"91-215-9838",Bluezoom
721,"44-199-6832",Jetpulse
722,"78-629-7560",Meevee
723,"48-538-8538",Tagtune
724,"81-588-5701",Thoughtmix
725,"62-029-0827",Fivebridge
726,"07-500-2023",Eimbee
727,"40-696-4237",Photobug
728,"34-726-5887",Tagopia
729,"24-281-7685",Katz
730,"56-231-2524",Wordpedia
731,"57-412-5368",Jetpulse
732,"53-749-6148",Topdrive
733,"86-487-3354",Centidel
734,"29-521-7910",Skivee
735,"43-348-2450",Eimbee
736,"29-295-9755",Eare
737,"42-201-4495",Plajo
738,"29-273-1595",Vidoo
739,"20-532-0144",Buzzbean
740,"68-230-9130",Vinder
741,"25-790-1641",Kwimbee
742,"95-878-1614",Buzzshare
743,"38-200-4863",Twitterlist
744,"11-146-9880",Quire
745,"01-308-0960",Voolith
746,"80-848-7493",Zazio
747,"02-575-7332",Realblab
748,"62-599-8388",Twinte
749,"30-438-6295",InnoZ
750,"09-153-0763",Skibox
751,"17-123-1252",Jetwire
752,"18-085-1667",Shuffledrive
753,"05-100-7102",Npath
754,"85-978-7855",Devbug
755,"03-882-3517",Kaymbo
756,"93-699-8001",Skalith
757,"30-780-7583",Teklist
758,"78-092-4768",Pixonyx
759,"77-566-9826",Browsecat
760,"96-609-6152",Thoughtblab
761,"75-503-9347",Gigazoom
762,"22-959-6357",Lajo
763,"75-369-5047",Rhyzio
764,"13-475-1009",Eayo
765,"84-835-1656",Linklinks
766,"53-844-0478",Kwinu
767,"40-515-1141",Kimia
768,"06-175-9657",Babblestorm
769,"13-526-1392",Vimbo
770,"42-579-7177",Voonte
771,"90-727-4816",Skyndu
772,"74-032-7560",Wikido
773,"91-859-1733",Feedfish
774,"24-576-3402",Topicblab
775,"61-907-0994",Skilith
776,"57-615-0729",Vitz
777,"07-471-0050",Fiveclub
778,"87-839-6400",Jabbertype
779,"84-123-7159",Tazz
780,"95-484-3134",Yoveo
781,"30-853-8580",Wikibox
782,"09-489-6314",Jabbercube
783,"20-201-5639",Zoombox
784,"63-492-7603",Brightbean
785,"02-811-7933",Buzzbean
786,"08-828-3804",Eire
787,"41-881-1166",Rhyloo
788,"34-158-6684",Eidel
789,"42-224-8186",Oyoloo
790,"48-884-5431",Feedbug
791,"19-264-7608",Jetwire
792,"16-933-3355",Ntags
793,"08-141-2402",Yotz
794,"45-331-8563",Quaxo
795,"90-534-2165",Flipbug
796,"33-818-4917",Oyondu
797,"22-307-4653",Photobug
798,"69-928-4929",Bubblemix
799,"18-743-4684",Browsecat
800,"88-108-3774",Gigashots
801,"72-509-7548",Dabjam
802,"27-838-4345",Thoughtblab
803,"07-948-8632",Trunyx
804,"95-609-1485",Zoonder
805,"02-057-9401",Meevee
806,"12-264-4503",Dynabox
807,"26-411-9126",Skajo
808,"58-827-9061",Youfeed
809,"41-399-9203",Reallinks
810,"03-257-4437",Trilia
811,"49-590-1752",Quaxo
812,"40-914-7156",Katz
813,"91-002-3027",Flipopia
814,"17-939-1338",Jamia
815,"14-483-5712",Fliptune
816,"64-752-3122",Divanoodle
817,"66-883-2383",Bubblebox
818,"00-680-5333",Kamba
819,"90-175-7764",Bubblebox
820,"43-977-2343",Avaveo
821,"77-175-2969",Zoonoodle
822,"89-226-5813",Eimbee
823,"93-900-1170",Kwideo
824,"65-842-6819",Kamba
825,"58-226-6435",Browsecat
826,"98-677-4279",Yamia
827,"38-883-3382",Mydeo
828,"41-007-0132",Twimm
829,"85-473-1534",Topdrive
830,"05-593-1927",Voonix
831,"00-258-2525",Thoughtbeat
832,"49-901-0828",Fivespan
833,"04-391-8892",Kanoodle
834,"11-031-9939",Centimia
835,"07-809-0926",Pixonyx
836,"63-683-7396",Livetube
837,"90-177-6733",Rhyloo
838,"60-394-8955",Cogidoo
839,"63-836-1262",Talane
840,"09-902-6272",Shufflebeat
841,"15-466-5131",Yabox
842,"19-893-7698",Pixoboo
843,"68-596-5506",Tagpad
844,"05-779-0378",Wordware
845,"72-002-3904",Photobug
846,"89-155-3471",Midel
847,"46-590-7639",Youopia
848,"17-494-5505",Dabjam
849,"12-140-7809",Quatz
850,"15-852-0491",Gigazoom
851,"54-749-3622",Devbug
852,"93-625-4768",Latz
853,"99-145-4924",Jayo
854,"32-506-0556",Devpulse
855,"54-470-2479",Feedmix
856,"38-790-7081",Skinix
857,"70-212-0990",Gigaclub
858,"17-562-1176",Blogtag
859,"75-286-4153",Ntag
860,"81-999-7392",Thoughtbeat
861,"04-726-3363",Linklinks
862,"73-393-9432",Jabbercube
863,"78-379-0369",Gigashots
864,"83-780-4531",Fivebridge
865,"75-190-3627",Voomm
866,"24-087-5935",Browsebug
867,"22-152-0111",Skippad
868,"14-325-9173",Yozio
869,"38-819-2922",Skynoodle
870,"49-092-2735",Geba
871,"82-930-7733",Miboo
872,"26-796-0872",Avavee
873,"31-163-5871",Yodoo
874,"21-156-0102",Viva
875,"36-138-9045",Kazio
876,"93-712-3934",Flipbug
877,"06-569-4690",Feedspan
878,"73-201-2803",Feedfish
879,"22-867-3079",Avaveo
880,"67-922-3399",Feedbug
881,"20-952-0731",Jaxspan
882,"94-186-9620",Cogibox
883,"29-122-7037",Kazu
884,"84-047-0017",Devshare
885,"12-566-2563",Twitterwire
886,"38-603-6412",Voolia
887,"41-772-9238",Realmix
888,"81-234-0741",Jabberstorm
889,"81-927-7236",Yakitri
890,"38-330-5543",Eimbee
891,"19-809-5654",Abata
892,"65-395-5947",Bubblebox
893,"35-000-6015",Aibox
894,"23-109-2205",Tagchat
895,"34-730-9079",Gigazoom
896,"28-575-0716",Chatterbridge
897,"85-454-9252",Gevee
898,"34-824-0575",Brainverse
899,"51-600-6076",Skajo
900,"64-489-8494",Meevee
901,"93-719-9817",Feedfire
902,"18-110-8314",Meevee
903,"01-210-3485",Brightbean
904,"50-214-3802",Meembee
905,"13-457-9946",Dabshots
906,"29-143-2001",Aibox
907,"14-703-2550",Jaxspan
908,"33-265-4588",Linkbridge
909,"36-964-9838",Dynabox
910,"16-869-7328",Omba
911,"27-493-6787",Photobug
912,"54-188-1006",Mydeo
913,"39-412-7454",Geba
914,"70-453-8646",Demimbu
915,"34-724-1913",Yodel
916,"74-357-2990",Twitternation
917,"42-201-4328",Avaveo
918,"67-024-9832",LiveZ
919,"63-057-0462",Jazzy
920,"11-096-4003",Trudeo
921,"45-997-6429",Thoughtstorm
922,"67-674-0287",Camido
923,"60-386-5077",Eayo
924,"75-256-5638",Tavu
925,"54-132-9762",Flipopia
926,"95-241-9348",Fivebridge
927,"83-172-5527",Skaboo
928,"16-019-7101",Centimia
929,"23-178-8962",Jaloo
930,"85-670-6379",Tanoodle
931,"17-239-6309",Mydo
932,"94-006-6480",Dynava
933,"18-445-5057",Topicblab
934,"60-284-1974",Quatz
935,"86-079-1525",Oyondu
936,"53-584-1853",Tagtune
937,"22-940-6543",Vipe
938,"00-487-2428",Meembee
939,"45-912-2948",Kwilith
940,"65-620-9866",Quatz
941,"43-605-2448",Kamba
942,"62-044-8874",Babblestorm
943,"14-427-6604",Leenti
944,"26-213-7885",Photofeed
945,"98-558-5813",Eadel
946,"04-456-0715",Abatz
947,"63-924-5144",Omba
948,"37-728-5274",Flipbug
949,"63-522-2633",Skiptube
950,"75-365-7696",Talane
951,"25-741-5987",Tagopia
952,"33-898-6242",Realbridge
953,"92-991-6167",Meeveo
954,"70-444-9176",Yombu
955,"84-090-6472",Yodo
956,"56-825-0880",Vidoo
957,"57-591-6452",Jabbersphere
958,"95-148-9287",Skibox
959,"29-968-4976",Katz
960,"46-171-9624",Livetube
961,"43-979-2253",Dabjam
962,"75-867-3635",Realcube
963,"14-713-5795",Youfeed
964,"28-436-5158",Wikibox
965,"40-907-4937",Voonder
966,"69-472-4067",Meedoo
967,"20-103-9525",Eare
968,"40-662-8853",Meembee
969,"84-923-5086",Tavu
970,"19-985-9694",Wikizz
971,"90-718-2724",Youspan
972,"41-644-3129",Wordtune
973,"08-824-4585",Viva
974,"40-773-7065",Skilith
975,"20-257-6927",Avamba
976,"60-309-5783",Zoovu
977,"39-464-7300",Rhycero
978,"10-950-0546",Camimbo
979,"61-382-5182",Blogpad
980,"90-998-1236",Vimbo
981,"00-635-4638",Eidel
982,"96-786-0667",Edgewire
983,"10-038-3988",Edgeify
984,"99-178-0951",Meemm
985,"59-781-3399",Youtags
986,"26-135-6134",Quatz
987,"39-284-1614",Eimbee
988,"66-680-8738",Gigaclub
989,"39-676-9308",Tanoodle
990,"67-404-3362",Skyndu
