"product_key","product_id","product_name","category"
1,"40-003-7322",White Sugar,Grains & Pulses
2,"39-913-2999",Evaporated Milk,Dairy
3,"15-045-8444",Green Coffee,Beverages
4,"54-822-9009",Cauliflower,Grains & Pulses
5,"42-220-9305",White Sugar,Grains & Pulses
6,"01-026-2772",Blueberries,Fruits & Vegetables
7,"98-858-6323",Swiss Cheese,Dairy
8,"63-936-0145",Plum,Fruits & Vegetables
9,"08-961-3009",Cheese,Dairy
10,"79-350-5841",Jasmine Rice,Grains & Pulses
11,"47-866-6589",Egg (Duck),Dairy
12,"94-092-3355",Cauliflower,Fruits & Vegetables
13,"81-573-0943",Egg (Chicken),Dairy
14,"66-993-4234",Cucumber,Fruits & Vegetables
15,"82-342-7339",Vanilla Biscuit,Bakery
16,"05-193-8096",Grapes,Fruits & Vegetables
17,"09-622-7119",Haddock,Seafood
18,"81-605-6246",Sardines,Seafood
19,"36-383-3677",Corn Oil,Oils & Fats
20,"36-918-2937",Green Coffee,Beverages
21,"86-672-4191",Egg (Goose),Dairy
22,"03-043-9933",Strawberries,Fruits & Vegetables
23,"84-075-7647",Canola Oil,Oils & Fats
24,"37-709-3532",Mushrooms,Fruits & Vegetables
25,"28-044-4102",Papaya,Fruits & Vegetables
26,"33-807-7247",Mozzarella Cheese,Dairy
27,"71-631-5875",Salmon,Seafood
28,"26-161-6692",Zucchini,Fruits & Vegetables
29,"68-418-6724",Parmesan Cheese,Dairy
30,"30-832-5429",Multigrain Bread,Bakery
31,"83-568-3475",Halibut,Seafood
32,"93-966-7754",Pineapple,Fruits & Vegetables
33,"05-425-0746",Onion,Fruits & Vegetables
34,"77-827-0820",Sesame Oil,Oils & Fats
35,"37-610-1999",Halibut,Seafood
36,"44-368-7112",Corn Oil,Oils & Fats
37,"98-445-7372",Cod,Seafood
38,"30-591-7275",Brown Rice,Grains & Pulses
39,"46-436-5351",Green Tea,Beverages
40,"78-953-2073",Canola Oil,Oils & Fats
41,"47-441-7682",Digestive Biscuit,Bakery
42,"28-146-2641",Parmesan Cheese,Dairy
43,"26-799-3714",Robusta Coffee,Beverages
44,"39-810-2042",Rice Flour,Grains & Pulses
45,"83-727-0814",Basmati Rice,Grains & Pulses
46,"12-714-5135",Ricotta Cheese,Dairy
47,"43-670-8544",Orange,Fruits & Vegetables
48,"15-679-3935",Grapes,Fruits & Vegetables
49,"60-550-4771",Haddock,Seafood
50,"31-608-1445",Papaya,Fruits & Vegetables
51,"88-069-5486",Cod,Seafood
52,"15-797-4824",Coconut,Fruits & Vegetables
53,"14-115-8371",Chocolate Biscuit,Bakery
54,"93-571-7294",Sushi Rice,Grains & Pulses
55,"47-843-8207",Cauliflower,Fruits & Vegetables
56,"94-658-4945",Sweet Potato,Fruits & Vegetables
57,"96-503-7712",White Bread,Bakery
58,"37-064-7275",Robusta Coffee,Beverages
59,"26-535-4727",Tilapia,Seafood
60,"20-022-3173",Bread Flour,Grains & Pulses
61,"30-996-2526",Green Beans,Fruits & Vegetables
62,"36-177-0573",Egg (Turkey),Dairy
63,"94-598-3383",Brown Rice,Grains & Pulses
64,"60-644-6596",Trout,Seafood
65,"97-772-2336",Pineapple,Fruits & Vegetables
66,"70-871-4536",Swiss Cheese,Dairy
67,"15-082-9124",Apricot,Fruits & Vegetables
68,"00-963-2193",Milk,Dairy
69,"17-022-9721",Apple,Fruits & Vegetables
70,"57-562-2358",Black Coffee,Beverages
71,"29-344-3658",Lime,Fruits & Vegetables
72,"56-937-8675",Cream,Dairy
73,"32-676-1026",Salmon,Seafood
74,"61-607-7622",Egg (Duck),Dairy
75,"41-316-8427",Arborio Rice,Grains & Pulses
76,"45-402-0421",Swiss Cheese,Dairy
77,"07-219-8017",Palm Oil,Oils & Fats
78,"79-494-2472",Green Beans,Fruits & Vegetables
79,"94-020-6982",Tuna,Seafood
80,"65-644-1394",Pear,Fruits & Vegetables
81,"61-317-9944",White Bread,Bakery
82,"02-034-6209",Sour Cream,Dairy
83,"11-815-7923",Parmesan Cheese,Dairy
84,"63-897-8088",Zucchini,Fruits & Vegetables
85,"44-637-5512",Watermelon,Fruits & Vegetables
86,"28-505-8317",Watermelon,Fruits & Vegetables
87,"42-141-5718",Cheese,Dairy
88,"43-164-5984",Butter,Dairy
89,"36-372-2295",Basmati Rice,Grains & Pulses
90,"96-209-1739",Evaporated Milk,Dairy
91,"13-202-4809",Garlic,Fruits & Vegetables
92,"42-134-9798",Canola Oil,Oils & Fats
93,"38-390-2115",Potato,Fruits & Vegetables
94,"60-327-4114",Egg (Turkey),Dairy
95,"66-716-8221",Cheddar Cheese,Dairy
96,"06-797-4963",Pomegranate,Fruits & Vegetables
97,"56-657-4387",White Bread,Bakery
98,"82-231-4245",Wild Rice,Grains & Pulses
99,"84-546-7624",Cherry,Fruits & Vegetables
100,"45-852-2446",Salmon,Seafood
101,"10-218-2680",Egg (Turkey),Dairy
102,"08-573-9997",Pomegranate,Fruits & Vegetables
103,"38-296-6634",Peas,Fruits & Vegetables
104,"56-831-6199",Salmon,Seafood
105,"90-343-9640",Avocado Oil,Oils & Fats
106,"67-512-9754",Egg (Turkey),Dairy
107,"59-725-4038",Arabica Coffee,Beverages
108,"48-770-6319",Egg (Duck),Dairy
109,"57-437-1828",Plum,Fruits & Vegetables
110,"67-025-1245",Cabbage,Fruits & Vegetables
111,"73-118-1117",Olive Oil,Oils & Fats
112,"09-536-2626",Olive Oil,Oils & Fats
113,"65-759-3721",Butter Biscuit,Bakery
114,"76-325-9093",Sesame Oil,Oils & Fats
115,"06-068-6793",Buttermilk,Dairy
116,"19-214-5762",Pear,Fruits & Vegetables
117,"18-199-5799",Cheddar Cheese,Dairy
118,"01-144-5960",Trout,Seafood
119,"87-199-2743",Papaya,Fruits & Vegetables
120,"06-655-5498",Wild Rice,Grains & Pulses
121,"24-989-3302",Coconut,Fruits & Vegetables
122,"93-772-3085",Banana,Fruits & Vegetables
123,"43-910-2342",Plum,Fruits & Vegetables
124,"61-801-8665",Robusta Coffee,Beverages
125,"77-312-6317",Spinach,Fruits & Vegetables
126,"89-624-7462",Asparagus,Fruits & Vegetables
127,"77-013-1553",Canola Oil,Oils & Fats
128,"69-468-5468",Sourdough Bread,Bakery
129,"62-393-9939",Cheddar Cheese,Dairy
130,"09-335-7793",Powdered Sugar,Grains & Pulses
131,"36-531-4087",Almond Flour,Grains & Pulses
132,"79-741-0770",Mushrooms,Fruits & Vegetables
133,"22-849-2551",Mushrooms,Fruits & Vegetables
134,"47-554-5780",Haddock,Seafood
135,"08-196-2703",Peas,Fruits & Vegetables
136,"03-061-1344",Trout,Seafood
137,"15-240-6267",Eggplant,Fruits & Vegetables
138,"01-050-2246",Grapes,Fruits & Vegetables
139,"64-478-4745",Lemon,Fruits & Vegetables
140,"63-890-1246",Oatmeal Biscuit,Bakery
141,"02-085-7218",Cheddar Cheese,Dairy
142,"74-711-7160",Sushi Rice,Grains & Pulses
143,"74-234-0628",Almond Flour,Grains & Pulses
144,"71-954-4501",Anchovies,Seafood
145,"06-340-6856",Wild Rice,Grains & Pulses
146,"98-499-2220",Parmesan Cheese,Dairy
147,"55-936-2406",Bread Flour,Grains & Pulses
148,"50-930-4751",Salmon,Seafood
149,"82-243-3180",Palm Oil,Oils & Fats
150,"21-809-7115",White Rice,Grains & Pulses
151,"58-219-0241",Avocado Oil,Oils & Fats
152,"79-136-9840",Herbal Tea,Beverages
153,"61-827-4098",Cod,Seafood
154,"07-858-5487",Swiss Cheese,Dairy
155,"49-891-4927",Cottage Cheese,Dairy
156,"94-029-2717",Broccoli,Fruits & Vegetables
157,"34-709-9237",Carrot,Fruits & Vegetables
158,"39-358-3340",Basmati Rice,Grains & Pulses
159,"93-198-5984",Mango,Fruits & Vegetables
160,"02-508-3777",Egg (Quail),Dairy
161,"90-773-9557",Butter,Dairy
162,"04-453-5485",Tomato,Fruits & Vegetables
163,"75-029-9003",Sourdough Bread,Bakery
164,"86-273-9377",White Rice,Grains & Pulses
165,"86-692-2312",Avocado Oil,Oils & Fats
166,"41-594-5069",Egg (Duck),Dairy
167,"59-075-2457",Egg (Goose),Dairy
168,"76-623-7844",Egg (Quail),Dairy
169,"25-522-6043",Gouda Cheese,Dairy
170,"17-236-0566",Sweet Potato,Fruits & Vegetables
171,"89-543-3456",Blueberries,Fruits & Vegetables
172,"46-083-7058",Haddock,Seafood
173,"24-571-1080",Kale,Fruits & Vegetables
174,"85-781-5386",Salmon,Seafood
175,"14-550-2152",Green Tea,Beverages
176,"04-637-8815",Apricot,Fruits & Vegetables
177,"06-336-5482",Sardines,Seafood
178,"87-423-8486",Powdered Sugar,Grains & Pulses
179,"10-137-9759",Watermelon,Fruits & Vegetables
180,"44-476-0390",Lemon,Fruits & Vegetables
181,"22-266-9291",Sardines,Seafood
182,"39-315-3936",Heavy Cream,Dairy
183,"07-846-4804",Jasmine Rice,Grains & Pulses
184,"38-049-9319",Oatmeal Biscuit,Bakery
185,"74-294-3760",Peanut Oil,Oils & Fats
186,"99-048-8310",Tomato,Fruits & Vegetables
187,"84-272-0790",Blueberries,Fruits & Vegetables
188,"13-409-9040",White Tea,Beverages
189,"15-562-3712",Cauliflower,Fruits & Vegetables
190,"63-918-8253",Mango,Fruits & Vegetables
191,"72-989-2512",Mushrooms,Fruits & Vegetables
192,"70-534-7796",Zucchini,Fruits & Vegetables
193,"13-844-2178",Sardines,Seafood
194,"74-404-0582",Cherry,Fruits & Vegetables
195,"66-268-8345",Greek Yogurt,Dairy
196,"71-436-5841",Cauliflower,Fruits & Vegetables
197,"12-093-9863",Arborio Rice,Grains & Pulses
198,"07-337-9889",Cauliflower,Fruits & Vegetables
199,"53-080-8252",Sourdough Bread,Bakery
200,"50-364-5828",Coconut,Fruits & Vegetables
201,"58-122-2282",Black Tea,Beverages
202,"96-682-8546",Egg (Chicken),Dairy
203,"33-378-1365",Egg (Goose),Dairy
204,"41-538-3129",Digestive Biscuit,Bakery
205,"95-640-0293",Arborio Rice,Grains & Pulses
206,"87-762-1317",Mozzarella Cheese,Dairy
207,"74-666-5671",Tuna,Seafood
208,"40-860-4532",Arabica Coffee,Beverages
209,"27-881-1177",Green Tea,Beverages
210,"55-631-7937",Greek Yogurt,Dairy
211,"62-998-7250",Evaporated Milk,Dairy
212,"84-327-7787",Egg (Chicken),Dairy
213,"19-021-5024",Broccoli,Fruits & Vegetables
214,"82-041-7211",Swiss Cheese,Dairy
215,"79-884-8810",Cucumber,Fruits & Vegetables
216,"83-917-7384",Garlic,Fruits & Vegetables
217,"60-285-3783",Mushrooms,Fruits & Vegetables
218,"74-548-9313",Mango,Fruits & Vegetables
219,"10-854-5467",Canola Oil,Oils & Fats
220,"05-334-2923",Bread Flour,Grains & Pulses
221,"87-013-6488",Sushi Rice,Grains & Pulses
222,"27-635-8394",Orange,Fruits & Vegetables
223,"13-962-6263",Sweet Potato,Fruits & Vegetables
224,"28-275-5901",Anchovies,Seafood
225,"07-074-1196",Plum,Fruits & Vegetables
226,"72-780-6006",Sunflower Oil,Oils & Fats
227,"57-861-4379",Swiss Cheese,Dairy
228,"63-168-6018",Cucumber,Fruits & Vegetables
229,"32-261-0008",Heavy Cream,Dairy
230,"91-105-7317",Orange,Fruits & Vegetables
231,"90-230-9767",Long Grain Rice,Grains & Pulses
232,"91-127-7489",Orange,Fruits & Vegetables
233,"27-495-1912",Potato,Fruits & Vegetables
234,"34-110-1040",Bell Pepper,Fruits & Vegetables
235,"42-879-9478",Anchovies,Seafood
236,"06-955-3428",Black Rice,Grains & Pulses
237,"49-570-8214",Sour Cream,Dairy
238,"67-546-1568",Peanut Oil,Oils & Fats
239,"25-353-2067",Papaya,Fruits & Vegetables
240,"88-951-9038",Black Coffee,Beverages
241,"85-806-8672",Black Tea,Beverages
242,"34-291-4939",Digestive Biscuit,Bakery
243,"03-441-4252",Yogurt,Dairy
244,"11-032-9778",Peas,Fruits & Vegetables
245,"17-265-1899",Orange,Fruits & Vegetables
246,"40-810-9261",Green Coffee,Beverages
247,"43-893-5408",Short Grain Rice,Grains & Pulses
248,"12-439-8428",Eggplant,Fruits & Vegetables
249,"45-250-4679",Bread Flour,Grains & Pulses
250,"60-343-3288",Tilapia,Seafood
251,"06-996-3221",Evaporated Milk,Dairy
252,"39-192-3521",Herbal Tea,Beverages
253,"55-522-8242",Whipped Cream,Dairy
254,"51-462-0747",Lime,Fruits & Vegetables
255,"51-000-8113",Green Tea,Beverages
256,"53-667-4109",Onion,Fruits & Vegetables
257,"82-538-4809",Cabbage,Fruits & Vegetables
258,"80-374-5711",Herbal Tea,Beverages
259,"88-807-8431",Haddock,Seafood
260,"36-840-2728",Mackerel,Seafood
261,"76-854-0095",White Sugar,Grains & Pulses
262,"57-359-3397",Garlic,Fruits & Vegetables
263,"46-753-8430",Feta Cheese,Dairy
264,"88-977-0175",Chocolate Biscuit,Bakery
265,"22-319-1377",White Sugar,Grains & Pulses
266,"17-253-5688",Greek Yogurt,Dairy
267,"28-197-9246",Powdered Sugar,Grains & Pulses
268,"57-613-5779",Gouda Cheese,Dairy
269,"83-704-6367",Arabica Coffee,Beverages
270,"72-341-1154",Heavy Cream,Dairy
271,"02-974-8526",Onion,Fruits & Vegetables
272,"60-747-8704",Papaya,Fruits & Vegetables
273,"81-578-7404",Gouda Cheese,Dairy
274,"11-073-0189",Plum,Fruits & Vegetables
275,"85-561-4694",Kiwi,Fruits & Vegetables
276,"10-768-2443",Multigrain Bread,Bakery
277,"46-911-1159",Onion,Fruits & Vegetables
278,"80-698-0324",Butter Biscuit,Bakery
279,"14-681-7035",White Tea,Beverages
280,"83-117-7658",Asparagus,Fruits & Vegetables
281,"15-762-1058",Lime,Fruits & Vegetables
282,"79-400-6216",Mozzarella Cheese,Dairy
283,"24-972-6969",Cheese,Dairy
284,"49-919-8798",Evaporated Milk,Dairy
285,"10-445-0741",Anchovies,Seafood
286,"73-751-4393",Onion,Fruits & Vegetables
287,"65-527-9488",Grapes,Fruits & Vegetables
288,"68-636-4774",Carrot,Fruits & Vegetables
289,"78-956-4737",Sushi Rice,Grains & Pulses
290,"38-664-2155",Cauliflower,Fruits & Vegetables
291,"03-833-3577",Cucumber,Fruits & Vegetables
292,"99-033-5661",Rice Flour,Grains & Pulses
293,"03-940-0630",Sunflower Oil,Oils & Fats
294,"99-561-4871",Haddock,Seafood
295,"46-452-9419",Egg (Duck),Dairy
296,"14-489-8669",All-Purpose Flour,Grains & Pulses
297,"31-403-6234",Tuna,Seafood
298,"02-559-8196",Mango,Fruits & Vegetables
299,"68-977-6854",Apricot,Fruits & Vegetables
300,"88-183-5781",Whole Wheat Bread,Bakery
301,"00-534-9775",Black Coffee,Beverages
302,"94-528-8088",Haddock,Seafood
303,"93-166-3169",White Tea,Beverages
304,"71-015-9181",Pomegranate,Fruits & Vegetables
305,"97-040-3822",Swiss Cheese,Dairy
306,"23-265-8144",Yogurt,Dairy
308,"31-627-6025",White Bread,Bakery
309,"83-556-0996",Powdered Sugar,Grains & Pulses
310,"95-252-9619",Carrot,Fruits & Vegetables
311,"98-064-4465",Mozzarella Cheese,Dairy
312,"95-262-6208",Black Tea,Beverages
313,"14-844-4138",Black Coffee,Beverages
314,"19-244-9890",Herbal Tea,Beverages
315,"51-934-9117",Sardines,Seafood
316,"35-617-3857",Arabica Coffee,Beverages
317,"91-290-9062",Digestive Biscuit,Bakery
318,"22-329-7791",Watermelon,Fruits & Vegetables
319,"36-636-4873",Black Rice,Grains & Pulses
320,"00-641-8691",Black Coffee,Beverages
321,"71-594-6552",Long Grain Rice,Grains & Pulses
322,"20-405-4865",Milk,Dairy
323,"17-274-6898",Whole Wheat Bread,Bakery
324,"10-255-8579",Basmati Rice,Grains & Pulses
325,"04-758-0410",Wild Rice,Grains & Pulses
326,"67-382-4435",Green Beans,Fruits & Vegetables
327,"16-380-0753",Apricot,Fruits & Vegetables
328,"56-213-0577",Papaya,Fruits & Vegetables
329,"74-818-3306",Spinach,Fruits & Vegetables
330,"75-080-4909",Corn Oil,Oils & Fats
331,"65-674-6076",Egg (Quail),Dairy
332,"91-417-0366",Grapes,Fruits & Vegetables
333,"19-672-8982",Butter,Dairy
334,"54-830-6971",Tilapia,Seafood
335,"24-986-5091",Vanilla Biscuit,Bakery
336,"55-164-7723",Halibut,Seafood
337,"94-355-3070",Tilapia,Seafood
338,"27-757-4489",Egg (Goose),Dairy
339,"95-349-0828",Feta Cheese,Dairy
340,"66-312-5511",Anchovies,Seafood
341,"80-371-3695",Cottage Cheese,Dairy
342,"55-680-0982",Green Tea,Beverages
343,"68-761-6907",Zucchini,Fruits & Vegetables
344,"85-207-4164",Eggplant,Fruits & Vegetables
345,"26-000-1012",Parmesan Cheese,Dairy
346,"15-144-9413",Strawberries,Fruits & Vegetables
347,"27-681-5588",Anchovies,Seafood
348,"19-967-0632",Short Grain Rice,Grains & Pulses
349,"75-152-8731",Pear,Fruits & Vegetables
350,"76-027-4850",Onion,Fruits & Vegetables
351,"53-050-8242",Mackerel,Seafood
352,"09-712-3630",Grapes,Fruits & Vegetables
353,"73-561-2867",Sourdough Bread,Bakery
354,"99-420-3592",Butter Biscuit,Bakery
355,"29-875-6900",Papaya,Fruits & Vegetables
356,"22-621-2774",Strawberries,Fruits & Vegetables
357,"07-834-3320",Egg (Quail),Dairy
358,"65-145-9672",Long Grain Rice,Grains & Pulses
359,"80-020-8041",Black Rice,Grains & Pulses
360,"34-086-3222",Lemon,Fruits & Vegetables
361,"45-172-7012",Papaya,Fruits & Vegetables
362,"22-895-6595",Rice Flour,Grains & Pulses
363,"43-693-2092",Butter,Dairy
364,"45-194-4094",Plum,Fruits & Vegetables
365,"27-783-5470",Feta Cheese,Dairy
366,"02-655-3240",Rice Flour,Grains & Pulses
367,"20-325-1965",Coconut,Fruits & Vegetables
368,"06-503-5891",Egg (Goose),Dairy
369,"85-835-3445",Egg (Goose),Dairy
370,"40-462-2952",Trout,Seafood
371,"63-270-7076",Multigrain Bread,Bakery
372,"08-396-2704",White Sugar,Grains & Pulses
373,"56-054-8664",Lemon,Fruits & Vegetables
374,"67-248-6306",Cauliflower,Fruits & Vegetables
375,"89-922-4773",Whole Wheat Flour,Grains & Pulses
376,"43-703-9939",Pineapple,Fruits & Vegetables
377,"03-919-9890",Halibut,Seafood
378,"25-010-9478",Eggplant,Fruits & Vegetables
379,"62-100-2245",Sourdough Bread,Bakery
380,"70-587-1204",Black Rice,Grains & Pulses
381,"21-816-1004",Black Coffee,Beverages
382,"87-391-9658",Corn Oil,Oils & Fats
383,"51-572-5497",Orange,Fruits & Vegetables
384,"70-612-2531",Pineapple,Fruits & Vegetables
385,"00-842-9790",Egg (Goose),Dairy
386,"38-555-9147",Black Coffee,Beverages
387,"35-299-0889",Coconut Oil,Oils & Fats
388,"11-325-7396",Mango,Fruits & Vegetables
389,"38-822-8005",Cucumber,Fruits & Vegetables
390,"76-584-4790",Peanut Oil,Oils & Fats
391,"51-583-6029",Digestive Biscuit,Bakery
392,"62-777-6010",Sushi Rice,Grains & Pulses
393,"01-703-8441",Raw Sugar,Grains & Pulses
394,"87-698-0944",Banana,Fruits & Vegetables
395,"61-293-6327",Salmon,Seafood
396,"98-909-9395",Cottage Cheese,Dairy
397,"84-151-2114",Brown Rice,Grains & Pulses
398,"01-839-6534",Short Grain Rice,Grains & Pulses
399,"89-602-6755",Milk,Dairy
400,"92-551-8504",Raw Sugar,Grains & Pulses
401,"58-229-1358",Cream,Dairy
402,"74-943-9034",White Bread,Bakery
403,"36-679-4670",Bell Pepper,Fruits & Vegetables
404,"53-680-5293",Cheddar Cheese,Dairy
405,"29-756-7042",Digestive Biscuit,Bakery
406,"80-375-9075",Swiss Cheese,Dairy
407,"47-802-5023",Cod,Seafood
408,"69-171-1305",Brown Rice,Grains & Pulses
409,"56-191-6497",Bread Flour,Grains & Pulses
410,"97-710-2449",Rye Bread,Bakery
411,"77-777-4536",Basmati Rice,Grains & Pulses
412,"96-774-0457",Cod,Seafood
413,"67-725-6830",Brown Rice,Grains & Pulses
414,"57-763-5501",Cod,Seafood
415,"40-913-9772",Egg (Chicken),Dairy
416,"57-394-4703",White Tea,Beverages
417,"53-151-5726",Grapes,Fruits & Vegetables
418,"51-761-6320",Egg (Goose),Dairy
419,"08-519-5579",Broccoli,Fruits & Vegetables
420,"26-177-5690",Cucumber,Fruits & Vegetables
421,"00-119-8780",Halibut,Seafood
422,"57-167-0669",Haddock,Seafood
423,"69-895-3397",Cucumber,Fruits & Vegetables
424,"40-681-9981",Arabica Coffee,Beverages
425,"65-718-0492",Olive Oil,Oils & Fats
426,"54-758-4622",Chocolate Biscuit,Bakery
427,"11-053-0107",Cherry,Fruits & Vegetables
428,"56-810-0550",Mackerel,Seafood
429,"21-650-9319",White Bread,Bakery
430,"49-199-6836",Tomato,Fruits & Vegetables
431,"31-157-1822",Ricotta Cheese,Dairy
432,"21-013-3508",Cabbage,Fruits & Vegetables
433,"80-334-0215",Grapes,Fruits & Vegetables
434,"58-005-5343",Cucumber,Fruits & Vegetables
435,"44-546-5713",Peach,Fruits & Vegetables
436,"58-063-8633",Bell Pepper,Fruits & Vegetables
437,"86-330-0214",Arabica Coffee,Beverages
438,"54-281-3746",Green Beans,Fruits & Vegetables
439,"67-984-5368",Parmesan Cheese,Dairy
440,"89-181-4523",Wild Rice,Grains & Pulses
441,"72-810-9753",Sesame Oil,Oils & Fats
442,"19-854-3663",Watermelon,Fruits & Vegetables
443,"96-334-2593",White Tea,Beverages
444,"38-417-4656",White Sugar,Grains & Pulses
445,"95-090-2788",Sesame Oil,Oils & Fats
446,"16-354-8122",Digestive Biscuit,Bakery
447,"87-997-0228",Watermelon,Fruits & Vegetables
448,"83-966-3280",Mackerel,Seafood
449,"10-002-6494",Mango,Fruits & Vegetables
450,"50-329-3145",Milk,Dairy
451,"80-025-6757",Grapes,Fruits & Vegetables
452,"56-668-5370",Vegetable Oil,Oils & Fats
453,"23-070-2433",Powdered Sugar,Grains & Pulses
454,"41-237-5498",Cheese,Dairy
455,"87-791-5803",Tuna,Seafood
456,"12-342-4482",Trout,Seafood
457,"92-995-8689",Cheddar Cheese,Dairy
458,"02-170-5225",Raw Sugar,Grains & Pulses
459,"05-184-4175",Black Coffee,Beverages
460,"07-617-6934",Coconut Sugar,Grains & Pulses
461,"95-449-1286",Egg (Chicken),Dairy
462,"82-811-7988",Olive Oil,Oils & Fats
463,"56-894-3733",Yogurt,Dairy
464,"40-126-0515",Carrot,Fruits & Vegetables
465,"99-137-1730",Bread Flour,Grains & Pulses
466,"74-642-2435",Cauliflower,Fruits & Vegetables
467,"68-732-5919",Jasmine Rice,Grains & Pulses
468,"47-749-3277",Powdered Sugar,Grains & Pulses
469,"74-610-2295",Green Coffee,Beverages
470,"73-874-7534",Pomegranate,Fruits & Vegetables
471,"93-014-4256",Green Beans,Fruits & Vegetables
472,"11-155-7826",Arabica Coffee,Beverages
473,"62-816-8794",Rice Flour,Grains & Pulses
474,"03-149-9760",Whipped Cream,Dairy
475,"20-283-0111",Pear,Fruits & Vegetables
476,"60-632-8752",Chocolate Biscuit,Bakery
477,"28-968-4195",Eggplant,Fruits & Vegetables
478,"09-618-2842",White Sugar,Grains & Pulses
479,"61-680-9496",Apple,Fruits & Vegetables
480,"45-634-0679",Haddock,Seafood
481,"57-779-4955",Black Rice,Grains & Pulses
482,"99-894-4351",White Sugar,Grains & Pulses
483,"04-277-5245",Coconut Sugar,Grains & Pulses
484,"56-635-6764",Sourdough Bread,Bakery
485,"90-865-9150",Powdered Sugar,Grains & Pulses
486,"30-964-2694",Peas,Fruits & Vegetables
487,"18-278-2383",Gouda Cheese,Dairy
488,"39-629-5554",Egg (Goose),Dairy
489,"19-610-2236",Whole Wheat Bread,Bakery
490,"21-890-2826",Gouda Cheese,Dairy
491,"83-625-3618",Asparagus,Fruits & Vegetables
492,"87-272-6544",Egg (Goose),Dairy
493,"40-205-8252",Multigrain Bread,Bakery
494,"92-152-5820",Black Tea,Beverages
495,"44-112-3331",Tuna,Seafood
496,"00-366-9496",Grapes,Fruits & Vegetables
497,"70-145-2550",Lemon,Fruits & Vegetables
498,"19-377-5021",Mackerel,Seafood
499,"27-474-0056",Spinach,Fruits & Vegetables
500,"29-896-7926",White Rice,Grains & Pulses
501,"17-002-4721",Green Beans,Fruits & Vegetables
502,"51-459-5630",Sour Cream,Dairy
503,"85-510-2915",White Bread,Bakery
504,"04-542-3863",Bread Flour,Grains & Pulses
505,"74-181-4135",Egg (Chicken),Dairy
506,"94-525-6925",Rye Bread,Bakery
507,"48-461-3742",Kiwi,Fruits & Vegetables
508,"85-806-0613",Oatmeal Biscuit,Bakery
509,"98-546-7398",Yogurt,Dairy
510,"27-387-0428",Halibut,Seafood
511,"66-806-6051",Yogurt,Dairy
512,"71-085-4290",Cucumber,Fruits & Vegetables
513,"26-629-5920",Rye Bread,Bakery
514,"85-212-2729",Egg (Turkey),Dairy
515,"15-907-3681",Plum,Fruits & Vegetables
516,"83-108-1174",White Bread,Bakery
517,"14-331-3739",Avocado Oil,Oils & Fats
518,"46-622-3434",Jasmine Rice,Grains & Pulses
519,"76-459-2392",Palm Oil,Oils & Fats
520,"98-235-2711",Asparagus,Fruits & Vegetables
521,"35-328-8392",Long Grain Rice,Grains & Pulses
522,"87-104-0187",Whole Wheat Flour,Grains & Pulses
523,"71-516-1996",Corn Oil,Oils & Fats
524,"76-401-7083",Pomegranate,Fruits & Vegetables
525,"24-975-4231",Green Beans,Fruits & Vegetables
526,"11-604-6002",Canola Oil,Oils & Fats
527,"32-270-1385",Greek Yogurt,Fruits & Vegetables
528,"72-066-4597",Broccoli,Fruits & Vegetables
529,"09-286-8107",Greek Yogurt,Dairy
530,"43-193-9915",Mozzarella Cheese,Dairy
531,"43-851-9440",Lime,Fruits & Vegetables
532,"08-637-9335",Lettuce,Fruits & Vegetables
533,"04-001-1793",Green Coffee,Beverages
534,"27-442-3654",Herbal Tea,Beverages
535,"89-388-3239",Grapes,Fruits & Vegetables
536,"79-569-8856",Vegetable Oil,Oils & Fats
537,"53-710-7630",Rice Flour,Grains & Pulses
538,"40-630-1431",Cherry,Fruits & Vegetables
539,"48-242-8445",Plum,Fruits & Vegetables
540,"07-389-5740",Egg (Quail),Dairy
541,"31-745-6850",Cabbage,Fruits & Vegetables
542,"34-131-8805",Yogurt,Dairy
543,"20-054-3716",Chocolate Biscuit,Bakery
544,"52-481-5224",Kiwi,Fruits & Vegetables
545,"92-362-3567",Tomato,Fruits & Vegetables
546,"40-793-7235",Sour Cream,Dairy
547,"80-039-1261",Strawberries,Fruits & Vegetables
548,"06-731-2162",Lemon,Fruits & Vegetables
549,"24-478-8277",Multigrain Bread,Bakery
550,"74-305-1263",Green Coffee,Beverages
551,"92-455-2959",Robusta Coffee,Beverages
552,"56-303-5256",Wild Rice,Grains & Pulses
553,"51-273-4240",Multigrain Bread,Bakery
554,"92-652-3737",Zucchini,Fruits & Vegetables
555,"34-547-0827",White Rice,Grains & Pulses
556,"98-148-0940",Egg (Chicken),Dairy
557,"36-899-5324",Orange,Fruits & Vegetables
558,"50-942-2409",Peas,Fruits & Vegetables
559,"15-796-3130",Rye Bread,Bakery
560,"81-268-5905",Mackerel,Seafood
561,"12-046-2988",Corn Oil,Oils & Fats
562,"68-734-1585",Greek Yogurt,Fruits & Vegetables
563,"57-394-1587",Bread Flour,Grains & Pulses
564,"35-529-2933",Broccoli,Fruits & Vegetables
565,"26-031-8070",Vegetable Oil,Oils & Fats
566,"77-959-1018",Lettuce,Fruits & Vegetables
567,"60-311-5701",Sesame Oil,Oils & Fats
681,"36-127-4273",Ricotta Cheese,Dairy
568,"67-270-7464",Jasmine Rice,Grains & Pulses
569,"67-130-4114",Bell Pepper,Fruits & Vegetables
570,"46-415-8633",Apple,Fruits & Vegetables
571,"49-311-3063",Kiwi,Fruits & Vegetables
572,"69-834-2874",Oatmeal Biscuit,Bakery
573,"12-798-9401",Cream,Dairy
574,"82-977-7752",Spinach,Fruits & Vegetables
575,"27-216-9671",Sesame Oil,Oils & Fats
576,"52-392-5312",All-Purpose Flour,Grains & Pulses
577,"95-130-9020",Heavy Cream,Dairy
578,"48-414-6162",Arabica Coffee,Beverages
579,"37-666-3902",Cauliflower,Fruits & Vegetables
580,"22-141-9798",White Sugar,Grains & Pulses
581,"10-249-7928",Black Rice,Grains & Pulses
582,"90-737-0044",Black Rice,Grains & Pulses
583,"16-187-5729",Black Tea,Beverages
584,"35-257-9312",Parmesan Cheese,Dairy
585,"71-067-3278",Anchovies,Seafood
586,"28-986-8001",Pomegranate,Fruits & Vegetables
587,"16-632-1308",Arabica Coffee,Beverages
588,"24-009-1208",White Tea,Beverages
589,"35-353-4068",Bread Flour,Grains & Pulses
590,"73-117-6105",Brown Rice,Grains & Pulses
591,"94-190-5193",Carrot,Fruits & Vegetables
592,"63-956-0739",Robusta Coffee,Beverages
593,"01-903-5373",Strawberries,Fruits & Vegetables
594,"34-861-4446",Ricotta Cheese,Dairy
595,"44-634-8292",Whole Wheat Flour,Grains & Pulses
596,"37-606-0510",Milk,Dairy
597,"08-940-8578",Onion,Fruits & Vegetables
598,"91-553-1774",Feta Cheese,Dairy
599,"28-824-9017",Trout,Seafood
600,"62-509-0666",Almond Flour,Grains & Pulses
601,"77-937-1108",White Sugar,Grains & Pulses
602,"11-733-1756",Rice Flour,Grains & Pulses
603,"63-162-9244",Eggplant,Fruits & Vegetables
604,"35-835-5591",Tilapia,Seafood
605,"54-374-9986",Cream,Dairy
606,"39-768-8205",Egg (Turkey),Dairy
607,"39-232-5341",Arborio Rice,Grains & Pulses
608,"41-526-4036",Whipped Cream,Dairy
609,"74-430-8245",Peach,Fruits & Vegetables
610,"77-377-1659",Almond Flour,Grains & Pulses
611,"24-364-3341",Egg (Turkey),Dairy
612,"64-854-8664",Peanut Oil,Oils & Fats
613,"61-796-6540",Ricotta Cheese,Dairy
614,"12-998-3882",Egg (Turkey),Dairy
615,"71-300-2191",Broccoli,Fruits & Vegetables
616,"74-587-2065",Pear,Fruits & Vegetables
617,"51-312-8608",Cheddar Cheese,Dairy
618,"73-401-5721",Haddock,Seafood
619,"17-493-4579",Almond Flour,Grains & Pulses
620,"26-456-1992",Tilapia,Seafood
621,"28-840-6096",Pomegranate,Fruits & Vegetables
622,"73-997-6251",Bell Pepper,Fruits & Vegetables
623,"94-697-2396",Sourdough Bread,Bakery
624,"29-823-6004",Zucchini,Fruits & Vegetables
625,"29-592-7315",Arborio Rice,Grains & Pulses
626,"07-970-9352",Bell Pepper,Fruits & Vegetables
627,"80-441-7249",Wild Rice,Grains & Pulses
628,"45-380-4627",Cabbage,Fruits & Vegetables
629,"88-746-9468",Onion,Fruits & Vegetables
630,"87-097-5691",Robusta Coffee,Beverages
631,"68-436-1268",Egg (Duck),Dairy
632,"28-608-0039",Lemon,Fruits & Vegetables
633,"97-300-7511",Egg (Duck),Dairy
634,"60-771-0879",Blueberries,Fruits & Vegetables
635,"40-751-8635",Pineapple,Fruits & Vegetables
636,"12-828-1063",Mozzarella Cheese,Dairy
637,"27-389-3529",Haddock,Seafood
638,"86-978-6666",Whole Wheat Flour,Grains & Pulses
639,"40-997-2786",Yogurt,Dairy
640,"87-903-3486",Peanut Oil,Oils & Fats
641,"13-980-8804",Sweet Potato,Fruits & Vegetables
642,"65-368-2479",Egg (Turkey),Dairy
643,"44-480-9446",Sunflower Oil,Oils & Fats
644,"88-586-8797",Grapes,Fruits & Vegetables
645,"41-240-8856",Haddock,Seafood
646,"76-070-1411",Evaporated Milk,Dairy
647,"04-240-2226",Olive Oil,Oils & Fats
648,"53-146-9979",Powdered Sugar,Grains & Pulses
649,"93-815-0565",Sesame Oil,Oils & Fats
650,"10-034-7654",Bread Flour,Grains & Pulses
651,"82-395-5070",Chocolate Biscuit,Bakery
652,"93-015-0811",Pineapple,Fruits & Vegetables
653,"55-697-5242",Ricotta Cheese,Dairy
654,"36-330-5036",Salmon,Seafood
655,"77-224-2227",Almond Flour,Grains & Pulses
656,"33-335-9140",Olive Oil,Oils & Fats
657,"38-732-7667",Pineapple,Fruits & Vegetables
658,"40-902-1995",Asparagus,Fruits & Vegetables
659,"70-815-4015",Butter Biscuit,Bakery
660,"41-735-9837",Robusta Coffee,Beverages
661,"91-257-3672",Tilapia,Seafood
662,"08-226-5155",Bell Pepper,Fruits & Vegetables
663,"26-690-3784",Lettuce,Fruits & Vegetables
664,"11-316-8405",Mango,Fruits & Vegetables
665,"75-927-9108",Cabbage,Fruits & Vegetables
666,"33-507-9886",Pineapple,Fruits & Vegetables
667,"96-164-0607",Coconut Oil,Oils & Fats
668,"76-264-0748",Eggplant,Fruits & Vegetables
669,"78-237-0277",Black Tea,Beverages
670,"83-716-2177",Halibut,Seafood
671,"98-652-9569",Butter Biscuit,Bakery
672,"74-845-3299",Green Tea,Beverages
673,"35-836-6718",Ricotta Cheese,Dairy
674,"70-854-6891",Sourdough Bread,Bakery
675,"00-440-9568",Blueberries,Fruits & Vegetables
676,"60-343-7973",Multigrain Bread,Bakery
677,"29-436-6570",Digestive Biscuit,Bakery
678,"78-362-8578",Lemon,Fruits & Vegetables
679,"14-521-4167",Buttermilk,Dairy
680,"53-805-9523",Sourdough Bread,Bakery
682,"10-555-5971",Sourdough Bread,Bakery
683,"47-581-0363",Parmesan Cheese,Dairy
684,"46-931-6897",Cream,Dairy
685,"08-703-1382",Peach,Fruits & Vegetables
686,"68-977-2498",Grapes,Fruits & Vegetables
687,"06-706-6490",Green Tea,Beverages
688,"65-854-9364",Black Rice,Grains & Pulses
689,"55-803-3964",Bread Flour,Grains & Pulses
690,"79-428-8753",Cabbage,Fruits & Vegetables
691,"49-861-7823",Coconut,Fruits & Vegetables
692,"65-282-0419",White Tea,Beverages
693,"57-903-6434",Tomato,Fruits & Vegetables
694,"58-182-6781",Oatmeal Biscuit,Bakery
695,"76-540-6407",Orange,Fruits & Vegetables
696,"27-459-0724",Feta Cheese,Dairy
697,"19-047-4239",Peach,Fruits & Vegetables
698,"15-884-7413",Apple,Fruits & Vegetables
699,"13-888-0149",Lime,Fruits & Vegetables
700,"97-283-4840",Palm Oil,Oils & Fats
701,"40-021-2400",Zucchini,Fruits & Vegetables
702,"13-144-2169",Eggplant,Fruits & Vegetables
703,"46-255-3073",Tilapia,Seafood
704,"74-132-5528",Cauliflower,Fruits & Vegetables
705,"40-683-0283",White Sugar,Grains & Pulses
706,"58-946-5152",Bread Flour,Grains & Pulses
707,"09-101-1740",Sushi Rice,Grains & Pulses
708,"29-135-0791",Jasmine Rice,Grains & Pulses
709,"54-109-8062",Sushi Rice,Grains & Pulses
710,"91-848-0606",Onion,Fruits & Vegetables
711,"60-911-3745",Black Rice,Grains & Pulses
712,"70-542-4269",Gouda Cheese,Dairy
713,"94-071-2261",Pear,Fruits & Vegetables
714,"44-552-3909",Pear,Fruits & Vegetables
715,"22-778-3553",Cheddar Cheese,Dairy
716,"89-673-1543",Digestive Biscuit,Bakery
717,"43-469-7551",Arabica Coffee,Beverages
718,"02-888-9412",Cauliflower,Fruits & Vegetables
719,"00-215-7434",Egg (Goose),Dairy
720,"93-342-8794",Bread Flour,Grains & Pulses
721,"07-679-1199",Onion,Fruits & Vegetables
722,"48-957-6116",Eggplant,Fruits & Vegetables
723,"38-924-3007",Peas,Fruits & Vegetables
724,"83-321-7887",Egg (Duck),Dairy
725,"76-340-4432",Cucumber,Fruits & Vegetables
726,"64-493-5270",Palm Oil,Oils & Fats
727,"14-836-2894",Apple,Fruits & Vegetables
728,"31-969-4614",Arabica Coffee,Beverages
729,"81-354-4203",Haddock,Seafood
730,"47-548-6500",Onion,Fruits & Vegetables
731,"42-907-6946",Coconut Oil,Oils & Fats
732,"21-693-8216",Corn Oil,Oils & Fats
733,"76-954-1442",Arabica Coffee,Beverages
734,"17-504-3699",Sweet Potato,Fruits & Vegetables
735,"96-961-2193",Jasmine Rice,Grains & Pulses
736,"55-154-4728",Arabica Coffee,Beverages
737,"05-899-1428",Avocado Oil,Oils & Fats
738,"37-246-0018",Broccoli,Fruits & Vegetables
739,"92-791-0606",Short Grain Rice,Grains & Pulses
740,"46-496-2930",Pomegranate,Fruits & Vegetables
741,"42-495-7698",Sushi Rice,Grains & Pulses
742,"26-134-9069",Whipped Cream,Dairy
743,"03-597-9488",Buttermilk,Dairy
744,"35-621-2546",Swiss Cheese,Dairy
745,"84-269-9130",Long Grain Rice,Grains & Pulses
746,"08-213-2058",Sour Cream,Dairy
747,"74-562-7431",Vanilla Biscuit,Bakery
748,"40-795-0753",Raw Sugar,Grains & Pulses
749,"01-173-0029",Blueberries,Fruits & Vegetables
750,"34-075-0371",Watermelon,Fruits & Vegetables
751,"24-143-4957",Canola Oil,Oils & Fats
752,"82-948-2298",Kiwi,Fruits & Vegetables
753,"21-120-6238",All-Purpose Flour,Grains & Pulses
754,"93-682-2069",Lime,Fruits & Vegetables
755,"34-369-7712",Apricot,Fruits & Vegetables
756,"44-408-7594",Eggplant,Fruits & Vegetables
757,"42-175-1648",Pomegranate,Fruits & Vegetables
758,"63-822-5278",Pomegranate,Fruits & Vegetables
759,"86-257-4613",Jasmine Rice,Grains & Pulses
760,"69-561-2496",Banana,Fruits & Vegetables
761,"89-328-9019",Bread Flour,Grains & Pulses
762,"83-553-9523",Buttermilk,Dairy
763,"42-674-3917",Whole Wheat Flour,Grains & Pulses
764,"49-377-9731",Lime,Fruits & Vegetables
765,"28-008-2951",Broccoli,Fruits & Vegetables
766,"34-928-2775",Coconut,Fruits & Vegetables
767,"49-730-0159",Cream,Dairy
768,"84-624-0201",Bread Flour,Grains & Pulses
769,"95-357-2870",Arborio Rice,Grains & Pulses
770,"20-387-7746",Powdered Sugar,Grains & Pulses
771,"41-729-5410",Sardines,Seafood
772,"29-377-7040",Short Grain Rice,Grains & Pulses
773,"02-484-0206",Short Grain Rice,Grains & Pulses
774,"10-617-7581",Peanut Oil,Oils & Fats
775,"05-720-8792",Carrot,Fruits & Vegetables
776,"80-988-4653",Zucchini,Fruits & Vegetables
777,"73-567-6194",Whipped Cream,Dairy
778,"35-031-1497",Green Coffee,Beverages
779,"83-573-4586",Sesame Oil,Oils & Fats
780,"49-579-4325",Ricotta Cheese,Dairy
781,"97-093-4278",Buttermilk,Dairy
782,"15-846-7959",Zucchini,Fruits & Vegetables
783,"26-010-9519",Trout,Seafood
784,"99-543-5039",Lemon,Fruits & Vegetables
785,"22-083-3347",Long Grain Rice,Grains & Pulses
786,"71-999-2404",Mango,Fruits & Vegetables
787,"61-582-7399",Apricot,Fruits & Vegetables
788,"44-128-2185",Jasmine Rice,Grains & Pulses
789,"10-626-8536",Coconut Sugar,Grains & Pulses
790,"47-221-2470",Pomegranate,Fruits & Vegetables
791,"44-538-3366",Tuna,Seafood
792,"15-169-8058",Bread Flour,Grains & Pulses
793,"03-276-3931",Mango,Fruits & Vegetables
794,"13-900-9016",Bell Pepper,Fruits & Vegetables
795,"73-010-8323",Tuna,Seafood
796,"64-119-7804",Bell Pepper,Fruits & Vegetables
797,"51-469-4611",Long Grain Rice,Grains & Pulses
798,"32-933-0329",Blueberries,Fruits & Vegetables
799,"87-675-1506",Strawberries,Fruits & Vegetables
800,"22-760-4605",Yogurt,Dairy
801,"67-027-7269",Mushrooms,Fruits & Vegetables
802,"88-401-3700",Cauliflower,Fruits & Vegetables
803,"02-275-6061",Potato,Fruits & Vegetables
804,"39-449-0772",Feta Cheese,Dairy
805,"21-633-8696",Coconut Sugar,Grains & Pulses
806,"48-193-1199",Canola Oil,Oils & Fats
807,"17-647-0503",Cod,Seafood
808,"51-069-0489",Bread Flour,Grains & Pulses
809,"47-221-3391",Black Coffee,Beverages
810,"17-395-1121",Plum,Fruits & Vegetables
811,"27-262-2437",Swiss Cheese,Dairy
812,"63-874-9747",Orange,Fruits & Vegetables
813,"54-708-7327",Jasmine Rice,Grains & Pulses
814,"84-198-7276",Peanut Oil,Oils & Fats
815,"49-526-7806",Kale,Fruits & Vegetables
816,"06-690-2335",Jasmine Rice,Grains & Pulses
817,"95-738-4658",Green Coffee,Beverages
818,"72-404-5581",Almond Flour,Grains & Pulses
819,"82-711-0772",Egg (Goose),Dairy
820,"01-439-6231",Sunflower Oil,Oils & Fats
821,"28-956-1320",Greek Yogurt,Dairy
822,"13-798-3397",Egg (Turkey),Dairy
823,"66-627-9752",Trout,Seafood
824,"02-575-1980",Plum,Fruits & Vegetables
825,"20-448-2972",Asparagus,Fruits & Vegetables
826,"00-357-2313",Avocado Oil,Oils & Fats
827,"33-440-2588",Bell Pepper,Fruits & Vegetables
828,"08-725-8156",Tilapia,Seafood
829,"70-005-5970",Apple,Fruits & Vegetables
830,"28-185-7303",Robusta Coffee,Beverages
831,"85-440-3667",Gouda Cheese,Dairy
832,"21-993-5632",Watermelon,Fruits & Vegetables
833,"69-743-0161",Bread Flour,Grains & Pulses
834,"04-293-6969",Peach,Fruits & Vegetables
835,"69-287-9113",Zucchini,Fruits & Vegetables
836,"46-520-1819",Short Grain Rice,Grains & Pulses
837,"76-476-9996",Chocolate Biscuit,Bakery
838,"14-305-9690",Sushi Rice,Grains & Pulses
839,"44-782-1395",Raw Sugar,Grains & Pulses
840,"73-942-0508",Kale,Fruits & Vegetables
841,"91-426-3204",Haddock,Seafood
842,"45-992-5653",Whole Wheat Flour,Grains & Pulses
843,"65-867-4029",Peach,Fruits & Vegetables
844,"66-378-7532",Blueberries,Fruits & Vegetables
845,"86-482-6451",White Tea,Beverages
846,"33-670-6797",Mackerel,Seafood
847,"64-109-7362",Anchovies,Seafood
848,"96-316-7600",Bell Pepper,Fruits & Vegetables
849,"92-291-7089",Cheese,Dairy
850,"68-973-8812",Sweet Potato,Fruits & Vegetables
851,"37-248-6266",Pear,Fruits & Vegetables
852,"20-031-0532",Mango,Fruits & Vegetables
853,"88-602-8210",Avocado Oil,Oils & Fats
854,"52-402-9245",Broccoli,Fruits & Vegetables
855,"29-741-8132",Kale,Fruits & Vegetables
856,"70-149-6756",Heavy Cream,Dairy
857,"28-433-8533",Multigrain Bread,Bakery
858,"50-329-3360",Wild Rice,Grains & Pulses
859,"60-198-7050",Green Tea,Beverages
860,"28-107-4953",Chocolate Biscuit,Bakery
861,"13-673-7016",Peach,Fruits & Vegetables
862,"11-922-3342",Black Coffee,Beverages
863,"69-674-5387",Yogurt,Dairy
864,"98-575-4736",Cucumber,Fruits & Vegetables
865,"53-446-8243",Orange,Fruits & Vegetables
866,"31-387-5020",Parmesan Cheese,Dairy
867,"31-211-5803",Oatmeal Biscuit,Bakery
868,"90-303-1821",Onion,Fruits & Vegetables
869,"12-239-9399",Potato,Fruits & Vegetables
870,"95-354-8583",Long Grain Rice,Grains & Pulses
871,"56-875-3717",Brown Rice,Grains & Pulses
872,"23-395-3157",Vegetable Oil,Oils & Fats
873,"48-957-8596",Banana,Fruits & Vegetables
874,"60-456-8169",Cheddar Cheese,Dairy
875,"52-123-8039",Pomegranate,Fruits & Vegetables
876,"83-763-5038",Buttermilk,Dairy
877,"82-678-8097",Cottage Cheese,Dairy
878,"85-237-3505",Green Tea,Beverages
879,"06-849-4869",Sesame Oil,Oils & Fats
880,"41-475-5305",Rye Bread,Bakery
881,"80-072-8774",Tuna,Seafood
882,"02-895-7781",Coconut Sugar,Grains & Pulses
883,"42-887-6557",Long Grain Rice,Grains & Pulses
884,"70-206-4860",Egg (Quail),Dairy
885,"80-658-6456",Mango,Fruits & Vegetables
886,"05-498-7751",Cauliflower,Fruits & Vegetables
887,"66-327-2821",Palm Oil,Oils & Fats
888,"90-128-7973",Black Rice,Grains & Pulses
889,"08-114-3922",Anchovies,Seafood
890,"18-107-7886",Evaporated Milk,Dairy
891,"47-578-4161",Anchovies,Seafood
892,"99-194-5600",Cauliflower,Fruits & Vegetables
893,"52-029-2382",Coconut Oil,Oils & Fats
894,"27-269-5260",Pineapple,Fruits & Vegetables
895,"21-718-6746",Coconut,Fruits & Vegetables
896,"11-745-3025",Peach,Fruits & Vegetables
897,"14-305-5348",Cheese,Dairy
898,"65-464-5070",Heavy Cream,Dairy
899,"65-235-7676",Whole Wheat Bread,Bakery
900,"28-003-8065",Almond Flour,Grains & Pulses
901,"29-017-6255",Bell Pepper,Fruits & Vegetables
902,"67-473-7093",Black Tea,Beverages
903,"45-050-4720",Black Rice,Grains & Pulses
904,"88-408-0310",Corn Oil,Oils & Fats
905,"24-579-6500",Anchovies,Seafood
906,"93-218-8108",Heavy Cream,Dairy
907,"38-655-2312",Kale,Fruits & Vegetables
908,"72-970-0239",Sesame Oil,Oils & Fats
909,"95-356-1566",Grapes,Fruits & Vegetables
910,"11-338-4598",Potato,Fruits & Vegetables
911,"25-349-7974",Spinach,Fruits & Vegetables
912,"45-317-9731",Palm Oil,Oils & Fats
913,"08-495-6853",Heavy Cream,Dairy
914,"20-225-3930",White Tea,Beverages
915,"52-797-6961",Tilapia,Seafood
916,"04-038-1547",Rye Bread,Bakery
917,"30-429-2162",Black Rice,Grains & Pulses
918,"50-772-2613",Cheddar Cheese,Dairy
919,"41-131-3841",Almond Flour,Grains & Pulses
920,"57-101-0060",Whole Wheat Flour,Grains & Pulses
921,"25-911-7736",Orange,Fruits & Vegetables
922,"48-289-0604",Vegetable Oil,Oils & Fats
923,"19-323-0506",Halibut,Seafood
924,"75-094-1179",Rye Bread,Bakery
925,"82-380-5378",Cheese,Dairy
926,"50-679-2072",Canola Oil,Oils & Fats
927,"24-310-9184",Rye Bread,Bakery
928,"16-499-5059",Pear,Fruits & Vegetables
929,"43-153-8268",Vegetable Oil,Oils & Fats
930,"37-567-3218",Almond Flour,Grains & Pulses
931,"01-018-6418",Chocolate Biscuit,Bakery
932,"39-479-5147",Tuna,Seafood
933,"98-556-5323",Pomegranate,Fruits & Vegetables
934,"19-112-1616",Lettuce,Fruits & Vegetables
935,"36-296-9609",Sunflower Oil,Oils & Fats
936,"93-813-2419",Digestive Biscuit,Bakery
937,"48-789-9187",Peach,Fruits & Vegetables
938,"06-611-5454",Peanut Oil,Oils & Fats
939,"31-746-4951",Whole Wheat Flour,Grains & Pulses
940,"88-304-2855",Pineapple,Fruits & Vegetables
941,"53-930-2215",Egg (Goose),Dairy
942,"99-961-0767",Heavy Cream,Dairy
943,"62-795-7801",Palm Oil,Oils & Fats
944,"53-008-2419",Jasmine Rice,Grains & Pulses
945,"31-255-9616",Tuna,Seafood
946,"67-710-5120",Bread Flour,Grains & Pulses
947,"80-227-6886",Garlic,Fruits & Vegetables
948,"75-672-4378",Pomegranate,Fruits & Vegetables
949,"48-427-0551",Arabica Coffee,Beverages
950,"06-858-5680",Sesame Oil,Oils & Fats
951,"30-806-3823",Jasmine Rice,Grains & Pulses
952,"01-820-5784",Egg (Duck),Dairy
953,"46-632-8420",Whipped Cream,Dairy
954,"69-578-7930",Brown Rice,Grains & Pulses
955,"59-857-6577",Evaporated Milk,Dairy
956,"11-891-8213",Peanut Oil,Oils & Fats
957,"66-854-5736",Kiwi,Fruits & Vegetables
958,"31-803-5001",Asparagus,Fruits & Vegetables
959,"82-931-7126",Asparagus,Fruits & Vegetables
960,"15-905-7750",Apricot,Fruits & Vegetables
961,"64-418-8356",Sunflower Oil,Oils & Fats
962,"02-920-4829",White Bread,Bakery
963,"11-581-9869",Carrot,Fruits & Vegetables
964,"83-400-9746",Mozzarella Cheese,Dairy
965,"65-780-5622",Butter Biscuit,Bakery
966,"81-844-2979",Broccoli,Fruits & Vegetables
967,"29-092-3453",Spinach,Fruits & Vegetables
968,"89-335-0155",Brown Rice,Grains & Pulses
969,"24-228-6840",Herbal Tea,Beverages
970,"29-205-1132",Sushi Rice,Grains & Pulses
971,"11-766-8738",Watermelon,Fruits & Vegetables
972,"90-492-0564",Pomegranate,Fruits & Vegetables
973,"00-405-7428",Apple,Fruits & Vegetables
974,"89-713-6071",Sesame Oil,Oils & Fats
975,"44-305-1866",Butter,Dairy
976,"71-074-6292",Sourdough Bread,Bakery
977,"67-625-9704",Sardines,Seafood
978,"47-663-5703",Basmati Rice,Grains & Pulses
979,"76-090-4411",Ricotta Cheese,Dairy
980,"21-252-1360",Corn Oil,Oils & Fats
981,"34-538-1180",Sour Cream,Dairy
982,"79-920-2395",Mushrooms,Fruits & Vegetables
983,"78-614-4402",Green Beans,Fruits & Vegetables
984,"04-104-6993",Buttermilk,Dairy
985,"80-459-5950",Arabica Coffee,Beverages
986,"38-617-7226",Mushrooms,Fruits & Vegetables
987,"92-837-8839",Vegetable Oil,Oils & Fats
988,"32-987-5559",Green Tea,Beverages
989,"78-689-8958",White Tea,Beverages
990,"84-629-1532",Arabica Coffee,Beverages
307,"10-378-9729",Cabbage,Fruits & Vegetables
