"inventory_key","product_key","supplier_key","location_key","date_received_key","last_order_date_key","expiration_date_key","stock_quantity","reorder_level","sales_volume","inventory_turnover_rate","reorder_quantity","unit_price","status"
1,485,300,64,20240922,20240512,20240709,28,24,82,5,97,2.50,Discontinued
2,85,20,345,20250122,20250112,20240526,58,12,71,30,99,3.00,Active
3,809,345,879,20240406,20240709,20240912,78,38,54,42,27,15.00,Active
4,231,662,221,20240406,20240501,20241117,67,88,66,42,32,1.50,Discontinued
5,750,333,72,20240911,20250110,20241203,75,10,90,42,68,3.00,Active
6,933,422,82,20240513,20240812,20240827,60,61,96,50,2,6.00,Active
7,165,49,467,20240611,20241207,20240430,30,48,22,78,52,10.00,Active
8,70,257,237,20240617,20250119,20250204,37,94,94,66,76,15.00,Backordered
9,679,607,413,20240513,20240629,20240306,47,2,48,36,76,2.50,Discontinued
10,92,910,818,20241011,20241023,20241230,19,80,33,38,87,2.30,Backordered
11,356,105,713,20240311,20240630,20240614,54,26,63,97,16,6.00,Active
12,898,598,533,20250203,20240316,20240901,12,60,20,35,73,4.00,Discontinued
13,438,973,724,20240907,20240310,20241103,26,70,36,10,52,2.00,Discontinued
14,185,145,178,20240923,20241130,20241127,49,17,45,96,54,4.00,Discontinued
15,788,293,626,20240814,20240710,20241230,98,20,51,23,81,4.75,Backordered
16,51,742,480,20240523,20240713,20240501,31,87,41,10,19,8.00,Active
17,114,880,138,20240418,20241019,20241218,27,92,29,32,56,6.50,Discontinued
18,636,265,20,20240428,20240329,20240805,36,82,27,67,85,7.10,Discontinued
19,9,189,616,20240602,20241219,20240908,50,14,60,72,6,9.20,Backordered
20,601,828,748,20241231,20240423,20240412,39,83,73,88,21,2.00,Active
21,55,295,666,20240901,20240410,20241227,34,92,28,71,26,2.50,Active
22,373,520,679,20240504,20240325,20240303,59,82,30,34,69,2.45,Discontinued
23,180,424,49,20240728,20240427,20240314,90,92,71,13,56,2.50,Active
24,440,851,465,20240723,20240623,20241222,46,6,63,29,64,10.00,Discontinued
25,370,660,949,20240812,20241014,20241119,91,68,81,85,80,11.50,Backordered
26,280,152,394,20240405,20240225,20241219,92,3,62,20,81,5.00,Backordered
27,445,583,765,20240902,20240405,20240826,45,7,86,77,58,6.50,Discontinued
28,75,962,569,20241126,20240906,20240921,95,93,60,19,16,4.50,Active
29,536,538,24,20240401,20240519,20240611,51,87,24,83,86,2.00,Backordered
30,528,637,796,20250220,20241208,20241213,31,54,69,77,52,4.00,Active
31,102,292,84,20250210,20240405,20241202,26,1,82,8,9,6.00,Backordered
32,286,42,644,20241031,20240607,20240323,68,10,37,11,29,2.00,Discontinued
33,566,396,229,20250115,20240430,20240612,22,22,62,78,65,2.00,Backordered
34,879,977,958,20240513,20250219,20240715,85,15,46,24,16,6.50,Discontinued
35,853,807,476,20240622,20240619,20240928,99,96,94,89,39,10.00,Backordered
36,797,725,139,20241218,20240524,20250107,62,81,100,42,91,1.60,Discontinued
37,473,620,501,20241116,20240617,20250206,15,76,90,26,81,2.00,Backordered
38,861,665,849,20241204,20240722,20250223,47,67,36,48,57,4.00,Backordered
39,989,321,113,20250107,20240227,20240329,20,43,73,6,43,25.00,Active
40,603,259,158,20240524,20240811,20240517,49,89,37,48,65,3.00,Active
41,527,302,132,20241028,20241215,20240808,28,38,48,56,23,42.58,Backordered
42,753,634,989,20241203,20240526,20240905,55,33,34,62,14,1.75,Discontinued
43,675,941,388,20240923,20240904,20241220,53,98,55,51,25,10.00,Active
44,607,41,777,20240921,20241024,20250215,20,34,50,83,74,4.50,Discontinued
45,925,174,812,20240601,20240603,20240307,78,24,60,41,31,9.00,Active
46,452,769,795,20241126,20240910,20240803,70,96,100,15,21,2.00,Discontinued
47,666,591,110,20240404,20240819,20240627,68,25,25,83,16,3.50,Active
48,315,322,17,20240825,20240728,20250131,30,55,56,31,4,6.00,Active
49,374,185,701,20240727,20241002,20241222,77,54,64,73,10,2.50,Active
50,673,802,715,20250210,20250125,20250122,91,14,50,5,99,6.00,Backordered
51,796,36,34,20240625,20240306,20241229,98,43,86,62,9,4.50,Backordered
52,777,889,758,20240304,20241210,20240908,76,81,65,68,85,4.00,Active
53,706,917,717,20241026,20241105,20240710,11,77,77,46,7,1.50,Backordered
54,730,473,32,20241020,20240307,20241225,20,93,23,2,37,2.00,Discontinued
55,156,501,921,20240726,20250206,20240609,40,8,86,12,98,4.00,Discontinued
56,122,519,286,20240330,20240718,20250120,39,19,58,90,18,13.99,Active
57,448,260,382,20240622,20241013,20240920,30,29,80,43,70,7.50,Backordered
58,715,811,587,20240410,20241024,20250209,36,77,30,84,49,9.00,Active
59,221,14,352,20240808,20241026,20240414,22,10,64,7,53,4.25,Active
60,194,239,305,20240910,20241120,20240611,57,82,44,57,59,8.00,Active
61,951,25,130,20240302,20240704,20240306,53,26,100,94,3,4.75,Active
62,793,789,372,20240630,20240918,20241220,60,36,26,29,28,4.50,Active
63,541,241,933,20241003,20241024,20241101,94,90,98,71,12,0.90,Active
64,685,155,361,20250221,20240306,20240621,40,53,70,20,7,4.00,Backordered
65,265,503,829,20240723,20240303,20240621,14,16,39,30,93,2.00,Active
66,281,639,759,20241129,20250207,20250104,29,83,81,53,91,2.00,Backordered
67,228,88,928,20250126,20241003,20240501,60,63,74,31,81,1.80,Active
68,805,461,733,20240418,20240406,20240526,49,59,93,45,73,5.00,Discontinued
69,260,632,543,20250121,20240810,20240314,76,21,31,47,3,7.50,Discontinued
70,40,30,660,20240612,20241001,20250104,53,20,83,77,75,2.30,Backordered
71,893,264,299,20241126,20240815,20240408,54,86,29,8,69,5.00,Discontinued
72,823,778,589,20240817,20241001,20240903,49,73,52,62,48,12.00,Active
73,767,164,464,20241003,20241210,20240826,82,3,48,31,82,2.40,Active
74,494,51,88,20240512,20240501,20240624,18,36,65,100,53,5.30,Active
75,800,561,483,20250212,20240707,20240803,86,20,83,82,67,1.75,Discontinued
76,731,618,930,20240706,20250101,20240831,90,75,55,64,6,5.00,Active
77,862,374,220,20240318,20240610,20240304,24,77,80,42,32,15.50,Discontinued
78,521,180,667,20240429,20240318,20240421,39,2,20,70,71,1.45,Backordered
79,940,147,538,20240403,20250124,20250212,20,51,80,41,33,3.50,Active
80,439,573,848,20240927,20241004,20240728,52,56,31,69,34,12.00,Backordered
81,837,363,74,20241006,20250114,20241206,37,96,35,23,82,5.00,Backordered
82,774,9,621,20240620,20240330,20240617,24,14,98,9,5,4.00,Active
83,755,926,208,20240516,20240511,20240606,55,96,23,47,40,5.00,Discontinued
84,410,989,665,20240523,20250123,20240619,28,94,31,1,80,2.80,Backordered
85,522,787,798,20240406,20240528,20250205,86,100,52,91,78,2.75,Backordered
86,834,516,836,20240615,20240902,20240820,37,38,93,32,24,4.00,Active
87,551,107,654,20240911,20240716,20240225,59,62,90,94,57,10.30,Backordered
88,386,372,935,20240723,20240429,20240308,62,23,34,68,25,15.50,Discontinued
89,826,492,969,20240629,20241126,20241213,10,86,24,52,23,10.00,Backordered
90,475,838,839,20241231,20240417,20250106,58,55,62,89,5,4.45,Active
91,402,529,338,20240711,20241118,20240506,30,91,97,88,34,2.50,Active
92,533,375,757,20240331,20250202,20240409,43,38,88,65,63,12.00,Backordered
93,342,731,419,20240528,20250114,20240819,64,66,25,52,28,8.00,Discontinued
94,628,783,230,20241020,20250111,20250216,90,1,52,19,40,0.90,Discontinued
95,807,420,168,20240511,20240524,20240820,96,12,97,92,8,8.00,Active
96,422,123,259,20241121,20250217,20241230,19,99,29,54,78,9.00,Discontinued
97,96,656,484,20240831,20240815,20240816,52,8,38,81,37,6.00,Active
98,681,562,980,20241001,20240703,20240731,50,46,88,70,38,6.20,Active
99,840,707,489,20240720,20250114,20241004,61,100,76,2,94,4.00,Backordered
100,174,35,44,20240325,20240320,20241228,78,68,47,95,86,15.00,Discontinued
101,664,716,362,20240426,20250224,20241125,24,55,39,15,51,5.00,Discontinued
102,661,749,301,20240808,20241218,20240705,78,75,63,100,3,7.00,Active
103,311,901,46,20240419,20241001,20241111,96,38,72,84,17,7.00,Active
104,352,484,324,20240709,20240325,20240930,87,62,22,38,2,5.50,Backordered
105,181,37,924,20240720,20240327,20240408,11,17,69,100,59,6.00,Backordered
106,207,595,500,20241221,20240510,20240504,37,33,27,73,80,18.00,Backordered
107,594,727,21,20241127,20250118,20250106,66,40,43,49,8,6.00,Active
108,337,862,474,20240726,20240713,20240723,14,52,64,17,80,6.80,Discontinued
109,390,452,864,20240603,20241104,20250101,21,52,49,37,80,4.00,Backordered
110,835,881,890,20241027,20240629,20241216,59,91,54,87,24,2.50,Active
111,361,644,750,20241126,20241213,20241201,20,91,35,50,12,4.50,Active
112,375,172,147,20240622,20240702,20241227,39,53,92,8,64,2.75,Active
113,611,297,942,20240729,20240411,20240925,44,84,51,67,63,2.50,Discontinued
114,209,340,87,20250123,20240703,20241123,34,47,97,47,99,8.00,Backordered
115,104,659,119,20240916,20240225,20240814,49,48,96,37,62,15.00,Active
116,613,552,71,20240424,20240602,20240814,88,4,23,39,79,6.00,Discontinued
117,233,221,410,20240509,20240229,20240524,26,63,84,70,88,1.20,Active
118,667,210,913,20240731,20241220,20241017,89,79,91,31,66,5.00,Discontinued
119,602,165,503,20240828,20241127,20250224,52,81,95,88,53,2.00,Backordered
120,729,841,932,20240618,20240627,20240428,76,57,52,86,78,9.00,Discontinued
121,397,666,405,20241206,20240306,20240811,39,57,77,32,54,2.50,Active
122,523,369,363,20240318,20240507,20240620,96,52,67,13,16,2.50,Active
123,444,358,954,20241005,20240413,20241223,24,69,20,20,2,2.00,Backordered
124,915,381,527,20240919,20240607,20240617,46,80,62,22,88,7.00,Discontinued
125,258,759,431,20250128,20241005,20241207,48,77,70,74,81,31.00,Backordered
126,710,681,727,20240611,20240723,20241028,39,22,60,2,73,2.00,Active
127,924,776,94,20241213,20250209,20240718,26,79,47,41,31,3.00,Discontinued
128,27,773,695,20240529,20240909,20241025,88,83,61,59,42,15.00,Discontinued
129,956,951,696,20241202,20241212,20241113,38,62,41,34,47,4.00,Discontinued
130,306,678,755,20240601,20241109,20241025,55,50,62,26,56,1.70,Backordered
131,600,525,50,20240728,20240515,20240703,13,88,24,21,7,9.50,Backordered
132,58,949,22,20240322,20240625,20240922,20,42,72,28,45,10.00,Discontinued
133,689,514,694,20250216,20240826,20241030,25,60,31,41,36,1.50,Backordered
134,932,327,407,20241224,20240818,20240404,92,68,40,57,79,18.00,Discontinued
135,109,53,217,20240703,20241011,20241005,37,30,62,25,74,4.00,Backordered
136,157,988,167,20241027,20240313,20240424,61,81,26,76,99,1.50,Discontinued
137,658,622,684,20241008,20241208,20240401,46,88,59,79,20,4.80,Backordered
138,930,810,915,20240730,20241031,20240720,37,47,38,89,34,9.50,Backordered
139,760,856,487,20240808,20240318,20241209,82,29,77,27,62,15.31,Backordered
140,509,446,940,20240827,20240503,20240417,80,69,41,43,71,1.75,Backordered
141,740,736,537,20240427,20241026,20240814,66,28,85,6,7,6.00,Backordered
142,725,462,653,20240503,20240328,20240306,19,36,31,81,72,1.75,Backordered
143,979,48,591,20241212,20240810,20240416,49,94,38,11,18,6.00,Active
144,2,77,825,20240609,20240406,20240410,23,99,68,76,97,2.00,Discontinued
145,56,750,936,20240827,20250212,20240508,65,10,71,61,81,2.00,Backordered
146,372,882,753,20240310,20240401,20240510,42,12,80,8,28,2.00,Discontinued
147,103,97,304,20241022,20240331,20241210,49,46,82,21,8,3.00,Discontinued
148,78,833,204,20250109,20240419,20240423,42,48,39,57,18,2.00,Active
149,341,442,870,20241215,20241130,20241210,89,42,94,81,76,5.00,Backordered
150,894,141,300,20241117,20240315,20241022,14,81,74,84,65,3.50,Active
151,622,8,339,20250104,20241015,20240917,94,18,44,49,84,4.50,Discontinued
152,832,534,163,20240323,20240414,20241023,51,72,23,17,85,3.00,Active
153,938,431,322,20250130,20241011,20241116,64,21,51,26,13,4.00,Backordered
154,966,747,115,20240924,20250115,20240511,73,87,47,67,46,4.00,Discontinued
155,919,190,27,20241029,20250123,20240320,77,19,27,25,31,9.50,Backordered
156,87,443,398,20240913,20250106,20241226,100,31,88,52,43,9.00,Backordered
157,510,175,270,20240623,20241129,20240409,88,42,92,29,68,20.00,Active
158,659,89,709,20241210,20240715,20240830,38,93,67,100,61,6.00,Active
159,526,219,688,20250114,20240618,20240529,69,17,79,75,27,2.30,Backordered
160,578,188,808,20240529,20241108,20240505,55,93,46,84,84,20.00,Active
161,620,401,518,20250126,20241223,20240729,56,59,65,45,87,7.00,Active
162,907,555,434,20240807,20240409,20241018,79,74,80,26,87,4.00,Backordered
163,237,268,785,20240513,20240527,20241218,81,76,68,100,10,4.00,Backordered
164,451,696,440,20240404,20241129,20250101,59,29,74,16,100,5.50,Discontinued
165,812,563,735,20240708,20241209,20241111,36,59,25,60,90,3.00,Discontinued
166,482,326,871,20241027,20250224,20241225,29,54,58,63,54,2.00,Backordered
167,854,700,308,20241016,20250212,20240919,89,40,93,48,64,4.00,Active
168,555,781,603,20240407,20250117,20240705,54,53,94,82,33,1.80,Backordered
169,734,704,45,20241008,20240615,20240817,80,60,98,13,71,2.00,Active
170,21,526,767,20250104,20240929,20250208,88,22,54,100,61,2.50,Discontinued
171,786,303,821,20240318,20240805,20250129,58,58,85,63,28,4.70,Active
172,663,126,970,20241002,20241014,20240406,58,5,53,80,1,2.00,Active
173,653,643,273,20250131,20240630,20240924,51,53,54,59,88,6.00,Discontinued
174,163,415,58,20240516,20241007,20240401,34,42,28,23,86,4.00,Discontinued
175,324,541,190,20240712,20240724,20250128,56,53,69,69,77,4.50,Active
176,804,537,359,20240227,20240402,20241005,94,13,20,24,15,7.00,Backordered
177,721,284,433,20240704,20240710,20241015,20,65,51,78,61,2.00,Active
178,981,965,947,20240529,20241103,20240406,29,39,23,85,80,4.00,Backordered
179,897,496,450,20240802,20241012,20240320,53,63,56,95,2,9.00,Active
180,332,536,51,20240607,20241207,20241204,25,74,41,59,100,5.50,Discontinued
181,961,166,37,20250121,20241113,20240428,80,24,98,38,60,2.50,Active
182,547,338,559,20240925,20241128,20240612,26,97,94,58,12,6.00,Discontinued
183,164,890,475,20241226,20241204,20241129,18,86,64,34,20,1.80,Discontinued
184,189,209,242,20240827,20240620,20241028,33,89,90,52,15,2.50,Discontinued
185,461,592,640,20241229,20241223,20240908,10,17,100,63,70,0.20,Backordered
186,218,245,141,20240624,20240920,20250212,99,59,52,57,12,5.00,Backordered
187,275,100,561,20240515,20240815,20240511,28,27,70,30,22,6.00,Discontinued
188,401,817,387,20240405,20240911,20240928,21,24,87,36,2,2.35,Backordered
189,699,840,768,20250217,20241230,20240315,75,18,32,92,65,2.00,Active
190,457,217,430,20241203,20241017,20240306,31,65,63,7,94,9.00,Backordered
191,631,308,711,20241130,20240817,20240711,70,92,95,26,74,1.00,Backordered
192,49,47,462,20240706,20241003,20240824,75,80,49,40,87,9.00,Backordered
193,652,655,68,20241126,20240805,20240626,18,7,88,96,58,3.50,Discontinued
194,134,86,312,20240609,20240622,20240417,93,62,78,87,65,9.00,Active
195,46,216,912,20250109,20250114,20240425,49,28,70,38,74,6.00,Discontinued
196,713,601,174,20240901,20240302,20240330,79,37,33,20,98,4.50,Discontinued
197,519,478,703,20240326,20240413,20240524,74,4,31,34,67,1.80,Backordered
198,878,235,723,20240823,20241113,20241103,88,50,78,28,88,8.00,Discontinued
199,238,983,61,20240604,20240616,20240328,57,36,56,32,53,4.00,Backordered
200,112,815,370,20241017,20240826,20240321,83,52,47,7,32,6.00,Active
201,354,680,449,20240719,20240721,20241113,22,24,47,71,94,6.00,Active
202,139,132,824,20240604,20240420,20241119,63,81,56,2,94,2.50,Active
203,926,724,498,20241006,20240503,20240530,97,32,82,98,43,2.30,Active
204,13,584,593,20250207,20240628,20241114,22,58,33,68,2,0.20,Active
205,971,3,579,20241114,20241130,20240322,27,64,70,58,43,3.00,Discontinued
206,901,735,898,20240301,20250106,20250131,46,64,96,55,17,4.60,Discontinued
207,638,961,429,20241001,20240726,20240915,38,43,34,54,28,2.70,Backordered
208,302,701,979,20240926,20240724,20240308,43,7,66,71,63,9.00,Active
209,172,710,129,20250108,20240827,20240609,61,91,34,76,40,9.00,Active
210,625,533,702,20240315,20240704,20240922,56,4,61,73,74,4.50,Active
211,296,964,329,20240724,20241105,20240513,54,69,77,56,68,1.75,Discontinued
212,515,354,457,20241128,20250127,20250220,20,42,61,25,21,3.85,Discontinued
213,81,223,642,20240629,20240517,20241029,72,20,87,68,71,2.50,Discontinued
214,650,307,441,20240418,20241025,20240528,70,96,27,58,92,1.50,Backordered
215,654,213,810,20250201,20240920,20240517,79,28,42,46,4,15.00,Active
216,421,907,548,20250217,20240716,20240304,40,81,39,65,78,20.00,Backordered
217,583,689,317,20250106,20240321,20240330,45,58,90,67,84,5.00,Active
218,39,777,495,20240824,20240930,20240416,80,54,81,37,21,8.50,Active
219,171,929,256,20240228,20240622,20250206,66,40,24,61,96,10.00,Active
220,50,859,360,20250209,20250215,20241214,84,28,54,32,29,4.40,Discontinued
221,14,850,699,20240718,20250116,20240624,13,60,44,32,100,1.80,Backordered
222,64,691,676,20250214,20250105,20241110,89,67,96,42,89,12.00,Discontinued
223,955,101,406,20240510,20240810,20240304,23,100,63,26,77,2.00,Discontinued
224,642,567,931,20240815,20240310,20241007,23,21,81,8,59,2.40,Active
225,637,878,267,20250114,20240423,20240309,84,8,60,38,54,9.00,Active
226,203,224,228,20241022,20241207,20250204,50,66,76,73,1,2.50,Active
227,630,944,96,20240408,20240829,20240326,62,78,62,97,97,10.00,Discontinued
228,287,191,590,20240710,20240624,20241010,38,72,59,8,39,5.50,Active
229,660,360,732,20240802,20240828,20240901,14,77,32,24,78,10.00,Discontinued
230,881,653,271,20240924,20240706,20241015,89,95,76,96,41,18.00,Discontinued
231,674,545,347,20250128,20241128,20241112,41,84,42,65,90,4.00,Active
232,591,261,766,20240923,20241121,20240409,67,68,67,82,50,1.50,Discontinued
233,380,809,399,20240708,20240715,20240623,68,68,37,31,97,6.00,Discontinued
234,241,285,33,20240405,20241012,20241121,35,88,39,62,87,4.70,Active
235,830,121,636,20240915,20250121,20241022,59,31,48,51,3,10.00,Active
236,137,150,689,20240311,20240410,20240426,91,55,42,93,94,3.00,Active
237,882,894,978,20250219,20240926,20250124,51,55,21,13,76,5.00,Discontinued
238,52,558,54,20240530,20241120,20250114,32,27,38,79,26,5.00,Backordered
239,126,255,887,20241018,20250216,20241124,18,3,58,61,39,5.00,Backordered
240,115,438,290,20240720,20240806,20240815,39,80,46,54,68,2.50,Discontinued
241,792,713,25,20240612,20240923,20240418,87,97,58,21,28,1.50,Active
242,152,835,837,20241105,20240819,20240623,77,45,25,37,75,30.00,Discontinued
243,447,359,539,20240915,20241024,20241227,71,4,81,25,37,3.00,Discontinued
244,670,394,23,20240410,20241010,20240913,18,46,57,95,26,20.00,Backordered
245,299,323,612,20240819,20240729,20240302,90,30,76,69,42,5.00,Backordered
246,701,140,502,20241024,20241116,20240511,29,18,53,69,86,2.50,Active
247,488,669,318,20250203,20240409,20250205,44,90,21,91,17,2.50,Discontinued
248,1,972,114,20240507,20250216,20241011,13,32,38,61,79,2.00,Discontinued
249,491,676,868,20240805,20250111,20240704,68,12,84,95,73,5.00,Backordered
250,841,448,948,20241219,20240414,20240708,67,71,76,34,4,9.00,Backordered
251,765,342,386,20240720,20250116,20240520,95,29,52,46,28,4.00,Discontinued
252,691,867,611,20240716,20240713,20240810,99,8,41,50,27,5.00,Discontinued
253,754,154,784,20241206,20240623,20240816,76,39,77,70,15,2.00,Backordered
254,293,246,925,20241108,20241031,20240403,23,43,91,86,75,2.50,Discontinued
255,338,946,404,20240412,20250119,20240704,35,78,95,91,68,2.50,Discontinued
256,895,709,656,20240611,20250120,20240606,16,53,21,29,12,5.00,Discontinued
257,225,148,747,20240414,20250110,20241010,11,56,40,5,62,3.90,Backordered
258,146,427,240,20241025,20240422,20241121,37,3,39,28,45,12.00,Discontinued
259,949,383,303,20241017,20241216,20241103,13,55,67,68,77,20.00,Backordered
260,464,863,556,20250214,20240304,20241218,74,37,91,18,57,1.50,Active
261,141,324,277,20250117,20240625,20250128,85,28,57,41,32,8.90,Backordered
262,214,463,212,20240910,20240519,20240701,49,49,78,61,26,8.00,Discontinued
263,333,904,420,20250103,20250123,20240331,21,87,64,69,67,3.10,Discontinued
264,846,772,460,20240714,20240826,20240705,45,56,35,82,64,7.50,Discontinued
265,369,146,841,20250111,20240302,20240512,50,93,78,79,37,2.45,Backordered
266,292,571,911,20240919,20250127,20240925,42,3,35,22,21,2.00,Active
267,45,78,109,20240830,20240608,20240605,11,87,29,6,64,4.50,Active
268,144,986,377,20240627,20241008,20240726,66,49,27,37,41,10.00,Discontinued
269,31,978,705,20240417,20240404,20250210,35,72,74,15,70,20.00,Backordered
270,316,971,809,20250104,20240321,20240306,46,31,59,65,89,20.00,Backordered
271,941,112,745,20240705,20241004,20240709,60,43,77,60,32,2.50,Active
272,860,237,219,20240329,20241112,20241018,53,19,82,56,94,5.00,Discontinued
273,716,547,832,20241110,20240328,20250103,72,78,85,30,1,4.00,Discontinued
274,929,891,961,20250223,20250129,20241002,75,61,79,69,19,2.00,Backordered
275,454,378,263,20250104,20241224,20250206,88,53,56,14,44,9.00,Discontinued
276,269,91,736,20241117,20240902,20240907,21,87,20,38,12,21.00,Discontinued
277,153,718,627,20250201,20240715,20240324,23,42,63,5,87,8.00,Backordered
278,539,251,698,20240304,20240615,20240624,40,3,45,69,5,4.00,Discontinued
279,167,621,628,20240821,20250203,20241110,97,26,33,58,15,2.50,Discontinued
280,512,339,9,20240826,20241007,20241204,31,98,91,29,72,1.80,Active
281,307,236,789,20241223,20241126,20240921,69,21,36,35,68,66.55,Discontinued
282,577,611,131,20240228,20240620,20250121,82,12,69,93,94,4.10,Active
283,204,638,804,20240901,20240317,20240731,77,79,62,75,65,4.00,Backordered
284,131,927,790,20240324,20241025,20240314,85,12,26,32,94,9.50,Discontinued
285,183,116,922,20241008,20240702,20240925,20,25,78,1,73,4.75,Discontinued
286,199,459,490,20241219,20240924,20241120,30,85,32,83,21,4.50,Discontinued
287,727,641,823,20240308,20250111,20240925,44,92,41,61,92,3.50,Active
288,229,416,657,20240530,20250218,20240718,63,48,21,90,22,4.00,Discontinued
289,518,829,682,20241004,20241208,20240723,17,19,58,27,74,4.75,Discontinued
290,479,234,629,20240324,20241005,20240414,17,14,36,64,17,3.50,Discontinued
291,775,908,634,20240324,20240708,20241026,80,91,81,74,36,1.50,Active
292,672,231,170,20240818,20250212,20240429,63,92,93,99,26,8.00,Active
293,259,574,280,20250102,20240606,20250209,11,87,86,91,43,9.00,Active
294,355,329,605,20240318,20250123,20240822,45,28,35,16,6,4.50,Discontinued
295,564,957,669,20240728,20241023,20240713,85,54,85,44,18,4.00,Discontinued
296,364,134,108,20241010,20240614,20241010,64,71,60,67,69,3.90,Active
297,162,610,149,20240408,20250110,20240402,84,20,86,64,58,2.50,Backordered
298,143,290,146,20240508,20241215,20240513,12,56,56,6,92,9.50,Active
299,886,485,294,20241028,20240710,20240324,52,22,56,44,37,2.50,Active
300,150,483,983,20240505,20240722,20250224,80,86,46,69,50,1.80,Discontinued
301,677,849,595,20240620,20240927,20240917,61,8,73,64,45,4.00,Discontinued
302,11,535,638,20240726,20250203,20240727,41,61,30,100,69,1.00,Discontinued
303,158,548,953,20240827,20240325,20240314,71,60,60,63,62,4.50,Discontinued
304,548,474,164,20240407,20241007,20240719,87,1,61,84,98,2.50,Discontinued
305,25,281,421,20241126,20240301,20240827,19,28,91,73,83,4.50,Discontinued
306,896,113,55,20240611,20250221,20240903,15,27,37,67,21,4.00,Backordered
307,632,872,469,20241226,20240521,20240415,63,60,33,31,54,2.50,Backordered
308,899,379,177,20250110,20240801,20240603,91,71,74,57,17,3.50,Active
309,113,658,909,20240616,20240524,20241228,33,60,20,7,67,6.00,Discontinued
310,15,868,323,20240727,20240731,20240304,80,61,63,75,23,5.50,Backordered
311,524,579,289,20240903,20241003,20240731,59,79,47,18,87,6.00,Active
312,285,570,111,20240603,20240711,20240331,83,17,33,20,39,10.00,Active
313,205,480,309,20240502,20241102,20250207,34,32,42,27,22,4.50,Active
314,472,408,770,20240706,20250131,20241226,98,83,39,79,5,20.00,Active
315,705,55,422,20240817,20240504,20240523,27,64,57,4,78,2.00,Active
316,732,748,606,20240226,20240903,20241027,70,96,34,3,85,2.50,Active
317,593,455,522,20240930,20240620,20240621,94,77,40,84,89,6.00,Discontinued
318,671,648,257,20250206,20250217,20240623,12,7,72,16,23,6.00,Discontinued
319,236,377,592,20240803,20240610,20240922,30,38,31,34,83,6.00,Backordered
320,74,821,26,20240513,20250221,20250115,23,38,84,78,25,1.00,Discontinued
321,980,249,987,20240622,20240904,20240704,75,23,100,54,34,2.50,Backordered
322,871,169,967,20241009,20240801,20240503,89,54,64,63,15,2.50,Active
323,606,593,893,20240228,20240717,20241129,56,97,82,100,29,2.50,Backordered
324,986,720,357,20241024,20240619,20240713,65,42,54,2,62,6.30,Active
325,436,67,639,20240721,20240630,20240922,50,3,69,73,88,4.50,Discontinued
326,576,758,123,20241106,20250219,20240724,50,42,87,59,20,1.75,Active
327,761,919,472,20240820,20240420,20241208,63,43,55,72,8,1.50,Active
328,976,737,675,20240402,20240610,20241017,65,79,100,9,49,4.00,Discontinued
329,303,874,39,20240624,20250213,20250102,58,81,85,78,66,25.00,Active
330,806,947,295,20240507,20241224,20240609,46,51,47,25,92,2.30,Discontinued
331,746,31,392,20240728,20240907,20240826,43,73,59,65,14,4.00,Active
332,362,933,943,20240229,20240604,20241121,31,32,38,23,69,2.00,Active
333,824,85,127,20240228,20240709,20241124,11,58,99,94,32,4.00,Active
334,108,167,671,20240428,20241121,20250202,52,31,77,16,18,1.00,Backordered
335,693,404,424,20240313,20240310,20240323,44,67,82,51,15,2.50,Active
336,724,954,128,20241214,20241129,20240802,44,75,96,38,72,1.00,Discontinued
337,77,958,311,20241031,20240813,20241108,40,2,71,10,58,1.80,Active
338,378,774,375,20240809,20241013,20240731,74,30,82,12,24,3.00,Active
339,817,990,106,20240402,20241126,20241030,90,68,81,26,74,12.00,Backordered
340,62,695,340,20240827,20241002,20240413,92,1,78,36,23,2.50,Discontinued
341,297,831,988,20240520,20241124,20240504,87,24,22,34,66,18.00,Active
342,843,163,349,20240605,20240903,20240616,40,83,92,50,50,4.00,Active
343,125,349,122,20240226,20240913,20241001,41,29,59,4,76,2.40,Discontinued
344,105,122,354,20240701,20240406,20241006,53,89,22,83,100,10.00,Backordered
345,424,855,986,20241101,20240529,20240508,45,77,85,1,2,20.00,Discontinued
346,657,619,83,20240823,20241013,20240928,18,52,42,32,22,3.50,Backordered
347,322,928,381,20240602,20241105,20240918,13,39,46,46,98,0.90,Backordered
348,839,925,116,20240929,20240626,20241117,72,72,39,78,68,1.50,Active
349,960,71,847,20241202,20250131,20240929,42,61,86,99,52,5.00,Backordered
350,458,465,335,20240528,20240918,20250223,90,75,80,57,43,1.50,Discontinued
351,76,186,520,20240720,20241208,20240714,70,84,71,20,72,8.00,Active
352,456,688,207,20241027,20240930,20240829,67,83,66,77,90,11.60,Active
353,428,133,854,20240829,20241202,20240904,71,7,52,68,6,7.50,Backordered
354,217,808,378,20240407,20240328,20250115,51,62,52,21,95,6.00,Active
355,501,380,330,20240910,20250218,20241029,31,55,71,46,5,2.00,Active
356,983,306,306,20240930,20250214,20240425,81,99,20,85,28,2.00,Discontinued
357,79,625,800,20250102,20241005,20240504,25,75,31,36,27,18.00,Active
358,873,203,728,20240904,20240424,20241018,95,25,87,5,91,53.82,Discontinued
359,406,733,374,20241123,20241020,20240619,96,34,71,17,57,8.00,Discontinued
360,481,212,635,20241129,20241201,20250120,92,48,38,61,22,6.25,Backordered
361,789,432,153,20240501,20250129,20240330,17,85,76,89,74,5.00,Active
362,119,628,876,20240326,20240915,20241112,59,74,63,69,100,4.50,Active
363,608,540,236,20240513,20240302,20250129,55,25,69,48,87,4.00,Backordered
364,388,605,806,20240728,20241018,20240326,92,46,24,75,13,5.00,Discontinued
365,719,247,459,20240428,20250219,20241128,14,63,59,63,74,2.50,Backordered
366,416,493,266,20241026,20250107,20241016,81,83,74,86,36,25.00,Backordered
367,67,370,521,20250131,20241008,20240507,89,35,49,55,19,5.00,Discontinued
368,138,664,680,20240713,20240225,20240908,99,68,59,16,1,5.50,Discontinued
369,291,74,439,20240502,20240820,20241016,67,14,81,77,25,1.80,Active
370,16,454,427,20240414,20240319,20240708,82,21,39,18,85,5.50,Backordered
371,785,391,248,20240707,20240429,20240430,69,82,34,22,58,1.50,Discontinued
372,802,366,571,20240729,20250204,20250120,86,66,30,6,24,2.50,Discontinued
373,720,170,833,20250108,20241207,20241122,84,91,83,95,86,1.50,Backordered
374,69,130,872,20241108,20241213,20250112,43,63,39,77,99,3.50,Discontinued
375,486,685,867,20240918,20240512,20240630,48,72,51,41,55,3.00,Active
376,543,468,510,20240305,20240916,20240225,11,6,88,24,100,5.00,Discontinued
377,572,899,918,20240327,20240625,20241007,28,62,28,30,81,5.00,Discontinued
378,808,458,744,20241004,20240330,20240530,96,83,81,89,50,1.50,Discontinued
379,557,479,343,20240801,20240705,20241219,94,58,57,74,17,2.90,Backordered
380,345,934,973,20241130,20241129,20240412,65,54,69,79,29,12.00,Backordered
381,94,320,700,20240907,20241122,20241017,63,7,78,100,23,2.35,Active
382,346,464,238,20240710,20240630,20240729,58,15,52,81,87,5.90,Backordered
383,6,739,415,20240828,20240611,20240527,40,61,76,10,47,10.00,Discontinued
384,93,118,143,20250119,20240306,20240301,42,69,43,96,54,1.20,Active
385,284,287,865,20240619,20240804,20241010,64,31,85,42,91,1.90,Discontinued
386,744,128,778,20240422,20240407,20250215,85,89,68,93,41,8.00,Discontinued
387,175,204,769,20240329,20240618,20241117,51,1,96,26,61,7.60,Active
388,562,197,602,20250108,20240416,20240713,62,44,92,37,11,51.17,Discontinued
389,552,624,573,20240824,20241117,20240321,58,24,75,26,25,10.00,Active
390,928,390,409,20240818,20241119,20241220,77,20,61,62,5,4.50,Discontinued
391,216,969,956,20240327,20240824,20240511,76,97,52,82,20,7.00,Discontinued
392,35,970,508,20240314,20241019,20241019,14,67,71,94,65,20.00,Discontinued
393,624,179,148,20240611,20240404,20240310,52,79,36,100,87,2.50,Discontinued
394,47,353,782,20240620,20240514,20241007,84,95,48,82,22,2.85,Discontinued
395,764,214,315,20240602,20241003,20240419,18,8,54,45,68,2.00,Backordered
396,140,738,955,20240627,20240516,20241009,93,50,76,35,43,5.00,Discontinued
397,516,79,977,20240912,20240305,20241225,78,68,89,24,68,2.50,Backordered
398,219,54,708,20240316,20240504,20241126,96,51,61,4,40,2.30,Discontinued
399,246,657,882,20240626,20241209,20240523,75,47,33,12,33,12.50,Discontinued
400,635,208,752,20240830,20241017,20240305,44,80,96,68,84,3.40,Discontinued
401,321,784,288,20241208,20250219,20240417,12,59,95,99,62,1.50,Active
402,942,242,292,20240416,20241025,20241206,85,15,95,63,30,4.00,Active
403,393,495,120,20240423,20250101,20240621,100,10,76,38,89,1.50,Backordered
404,179,278,594,20240331,20240903,20240310,90,17,82,84,17,3.00,Backordered
405,531,922,12,20241224,20240511,20240304,14,75,100,84,19,1.90,Backordered
406,504,686,633,20241009,20241211,20241222,34,46,49,25,45,1.50,Backordered
407,313,795,344,20250203,20241025,20240303,61,43,67,6,29,15.00,Discontinued
408,617,82,435,20240227,20241002,20240429,68,60,79,46,21,8.90,Active
409,53,314,282,20250107,20240919,20240901,23,76,97,38,70,5.00,Backordered
410,964,341,562,20241118,20240712,20240229,24,1,58,61,65,7.00,Active
411,465,252,226,20240722,20240228,20241018,62,79,32,80,23,1.50,Active
412,344,564,408,20240229,20250206,20241210,97,20,29,59,72,3.00,Backordered
413,641,693,851,20240819,20241001,20250210,100,3,98,91,32,2.00,Backordered
414,937,309,400,20241206,20240626,20241115,45,79,84,62,95,4.00,Backordered
415,234,943,827,20240530,20240609,20240624,75,85,26,68,27,4.50,Discontinued
416,41,980,866,20240729,20241212,20241130,40,91,28,47,24,4.00,Discontinued
417,350,924,454,20241127,20240826,20240624,39,37,25,19,48,2.00,Active
418,507,661,799,20240706,20240517,20250123,37,8,47,62,50,6.00,Discontinued
419,252,335,691,20240626,20250222,20240316,20,9,46,32,12,30.50,Discontinued
420,911,211,445,20241007,20240528,20240622,72,70,82,32,99,2.50,Discontinued
421,305,426,775,20240512,20240823,20240517,50,99,42,1,73,8.00,Backordered
422,271,652,526,20241226,20240405,20240807,74,4,97,24,39,2.00,Backordered
423,973,582,914,20250120,20250127,20250112,81,74,42,23,45,3.50,Discontinued
424,648,19,534,20250205,20241011,20240808,21,15,37,41,27,2.50,Active
425,733,205,275,20241122,20240424,20240318,97,77,74,98,99,20.00,Backordered
426,838,905,281,20240830,20240629,20240310,19,17,58,23,14,4.30,Active
427,232,935,397,20240511,20241210,20240804,44,8,42,66,52,2.95,Active
428,434,124,550,20240527,20240503,20240821,38,94,89,100,87,1.80,Discontinued
429,651,642,846,20240709,20250217,20250220,75,81,69,38,17,5.00,Active
430,535,523,215,20250212,20240524,20240419,54,88,81,77,43,5.50,Backordered
431,395,243,432,20240809,20241229,20240404,98,67,21,61,49,15.00,Active
432,643,893,154,20240913,20250219,20240314,39,13,84,93,13,2.50,Active
433,947,510,241,20240313,20250112,20240614,33,4,46,92,31,7.00,Active
434,396,521,581,20240422,20240831,20241207,67,98,35,98,92,5.00,Backordered
435,186,914,615,20240706,20240422,20240527,32,49,80,36,73,2.50,Discontinued
436,665,517,704,20240929,20240617,20240702,24,32,55,72,17,1.00,Discontinued
437,230,884,103,20240320,20241228,20250202,85,45,95,72,71,3.00,Discontinued
438,885,542,707,20240608,20240519,20241210,84,9,30,68,46,5.00,Backordered
439,542,1,81,20250121,20240910,20241222,92,92,50,67,28,1.75,Discontinued
440,142,968,813,20250122,20241228,20240601,84,69,39,69,77,4.50,Backordered
441,687,930,830,20241018,20240703,20240315,15,66,60,40,85,8.00,Backordered
442,308,649,659,20240822,20240903,20250120,56,62,56,73,64,2.50,Backordered
443,312,218,268,20241224,20240415,20240729,19,78,72,84,90,5.00,Discontinued
444,963,879,900,20240501,20241212,20240926,51,60,44,95,98,1.50,Discontinued
445,684,544,599,20240921,20240615,20240915,29,32,64,85,26,2.50,Discontinued
446,623,135,239,20241127,20240226,20240707,71,97,58,14,44,4.00,Discontinued
447,32,414,514,20240811,20250118,20240927,65,35,25,13,3,3.50,Active
448,783,250,560,20240503,20241126,20250109,29,72,85,52,96,12.00,Active
449,633,551,712,20240403,20240717,20240321,37,53,90,89,61,1.00,Backordered
450,319,60,99,20240325,20250117,20240530,86,100,80,94,74,6.10,Active
451,254,68,142,20250122,20250207,20240310,21,30,43,54,32,2.00,Backordered
452,726,909,225,20241030,20240523,20240522,69,59,63,91,29,1.80,Active
453,626,467,552,20240310,20240516,20240712,96,33,74,100,72,4.45,Active
454,400,471,509,20240629,20250222,20241224,19,81,39,85,33,1.50,Backordered
455,619,65,36,20241004,20241108,20240528,76,8,24,53,2,9.50,Active
456,819,136,779,20250215,20240516,20241023,72,58,36,14,52,2.40,Active
457,123,877,962,20241212,20240608,20240719,26,69,47,35,90,4.00,Active
458,781,743,261,20241029,20240409,20240601,69,98,29,34,89,2.55,Discontinued
459,888,594,802,20240919,20241031,20240313,49,3,75,46,7,6.25,Backordered
460,791,952,314,20240911,20240417,20240330,58,77,25,17,96,18.00,Discontinued
461,414,741,384,20240306,20240407,20240324,72,29,54,38,10,8.00,Discontinued
462,300,263,202,20240802,20240824,20241227,17,63,93,26,3,3.50,Backordered
463,155,846,426,20250102,20240226,20241128,37,5,68,99,1,5.00,Active
464,595,382,863,20250223,20240309,20250102,60,69,51,6,64,2.75,Active
465,827,843,376,20250117,20240916,20250224,26,12,73,20,43,4.40,Backordered
466,44,940,176,20240602,20250125,20240905,24,2,98,82,49,2.00,Active
467,411,299,89,20241208,20240912,20240404,26,67,54,46,46,4.40,Backordered
468,931,384,260,20241113,20240927,20240716,68,29,70,26,100,5.00,Backordered
469,245,490,210,20241230,20240325,20250210,81,35,86,71,82,3.00,Backordered
470,111,569,198,20240527,20240505,20241113,52,88,100,46,55,6.00,Discontinued
471,127,491,184,20240410,20241013,20240820,79,31,92,13,66,2.30,Discontinued
472,970,640,583,20240816,20240629,20240919,22,72,32,19,70,4.50,Discontinued
473,476,803,963,20241104,20240404,20250126,96,16,45,68,48,5.00,Active
474,449,347,247,20240302,20240708,20241111,89,92,46,11,62,4.80,Backordered
475,249,515,519,20240502,20241123,20240705,54,78,41,63,81,1.50,Backordered
476,43,151,885,20240229,20250203,20240406,74,2,37,99,45,10.00,Active
477,745,125,761,20240605,20240927,20240802,11,10,48,65,80,1.50,Discontinued
478,742,12,617,20240310,20241111,20250130,14,87,90,14,8,4.00,Active
479,867,761,853,20240716,20240821,20250207,16,9,50,98,32,5.00,Backordered
480,950,62,371,20240822,20250112,20250116,15,34,49,96,57,6.50,Discontinued
481,368,195,337,20240322,20240923,20240316,40,22,76,70,74,2.45,Backordered
482,825,554,38,20250114,20250120,20240916,80,6,26,71,92,5.00,Discontinued
483,29,104,862,20241221,20250113,20240930,63,4,59,71,85,12.00,Active
484,33,557,155,20241212,20240509,20240605,50,68,40,13,90,2.00,Discontinued
485,347,312,740,20250219,20241026,20241207,100,99,54,92,8,10.00,Discontinued
486,399,387,250,20240523,20250207,20240717,74,90,24,11,26,1.00,Discontinued
487,575,974,856,20240811,20240412,20240604,100,86,77,57,94,6.50,Active
488,442,801,990,20241119,20240505,20241214,13,88,100,52,11,3.00,Backordered
489,59,814,412,20240621,20240817,20240429,93,25,72,83,23,7.00,Backordered
490,224,504,379,20240405,20240423,20250124,64,1,49,15,92,10.00,Active
491,696,794,903,20241109,20240812,20250224,91,7,32,65,64,7.00,Discontinued
492,948,967,244,20240715,20241116,20240605,62,40,45,86,86,6.00,Backordered
493,429,69,721,20240328,20250128,20240424,42,88,67,94,95,2.50,Backordered
494,213,763,321,20240519,20250213,20240507,47,63,76,29,86,4.00,Active
495,599,876,582,20240822,20240608,20240614,19,94,96,74,17,11.50,Discontinued
496,962,23,613,20241019,20240614,20240522,92,87,61,31,84,2.50,Backordered
497,198,596,646,20241231,20240815,20240929,95,6,49,77,59,2.50,Active
498,492,756,389,20240506,20240503,20250213,90,3,51,87,49,2.50,Discontinued
499,586,137,873,20240814,20240615,20241013,65,69,80,26,4,6.00,Active
500,276,550,886,20250211,20240305,20241219,93,55,56,72,95,3.25,Backordered
501,384,587,771,20240317,20250125,20241030,48,48,51,50,39,3.45,Discontinued
502,905,976,41,20240422,20240612,20240904,93,51,81,18,70,10.00,Active
503,376,798,175,20240508,20240522,20250217,55,91,81,19,35,3.50,Active
504,282,553,607,20250210,20240310,20241002,16,56,56,28,13,7.20,Discontinued
505,468,283,364,20240306,20240229,20240913,46,20,54,24,30,2.50,Backordered
506,68,275,478,20240719,20250203,20241223,43,88,84,75,33,1.00,Discontinued
507,647,824,576,20240813,20240628,20240305,47,48,42,51,73,6.00,Discontinued
508,318,319,403,20240316,20250113,20240919,53,41,24,77,30,3.00,Discontinued
509,957,530,133,20250111,20241223,20240510,63,57,20,100,11,5.80,Discontinued
510,604,717,320,20241117,20240605,20240308,95,63,61,38,73,7.00,Backordered
511,692,385,631,20241228,20240717,20241205,50,100,29,31,91,25.50,Active
512,274,865,458,20240405,20240921,20240506,95,50,69,5,76,4.00,Active
513,975,298,52,20240429,20240702,20240829,48,71,95,3,86,3.00,Discontinued
514,255,956,971,20241014,20250131,20241120,24,27,49,58,35,8.00,Active
515,497,50,929,20240501,20240807,20240806,91,6,38,70,37,2.40,Backordered
516,23,64,927,20240427,20241021,20250222,91,82,43,45,58,2.30,Discontinued
517,110,896,792,20240409,20240306,20240812,88,46,73,63,55,1.00,Active
518,118,746,614,20241020,20240529,20240713,75,25,89,42,99,12.00,Active
519,794,350,448,20240610,20250106,20240919,89,96,38,96,94,4.50,Discontinued
520,24,27,336,20241029,20241107,20240511,79,45,55,20,39,6.00,Backordered
521,147,453,481,20241116,20240309,20240405,27,93,66,13,88,1.50,Active
522,738,775,756,20240320,20250114,20240411,30,59,61,3,76,4.00,Discontinued
523,702,269,326,20241001,20241201,20240907,25,62,57,98,11,3.00,Backordered
524,196,40,395,20240704,20240925,20240625,87,91,47,4,94,2.50,Discontinued
525,859,911,279,20240810,20241124,20240319,26,59,92,49,54,8.00,Active
526,173,400,417,20240607,20250221,20240411,60,15,21,29,89,4.00,Discontinued
527,176,604,891,20241124,20241127,20241124,90,91,34,72,62,5.00,Active
528,385,119,920,20240731,20250130,20241228,65,94,66,36,4,2.50,Backordered
529,499,388,570,20240320,20241219,20240619,23,6,95,24,40,2.50,Backordered
530,187,981,165,20240523,20241118,20240729,28,86,48,12,44,10.00,Backordered
531,309,888,663,20241227,20250220,20241030,88,34,95,63,94,2.40,Active
532,596,782,365,20240913,20240609,20241109,18,64,73,38,86,1.00,Active
533,743,683,492,20241111,20240711,20240328,70,66,47,77,74,2.50,Active
534,565,920,907,20240725,20240525,20240419,57,99,89,21,23,2.00,Backordered
535,655,822,844,20240826,20240930,20241026,75,46,43,77,75,9.50,Backordered
536,441,577,697,20250128,20250207,20241212,14,84,51,73,15,6.50,Active
537,298,476,107,20240610,20241212,20240725,61,14,74,35,49,5.20,Discontinued
538,215,184,6,20250220,20241206,20240815,12,93,45,12,29,1.75,Backordered
539,159,475,98,20241105,20240514,20240917,73,69,50,67,1,5.00,Active
540,972,752,205,20241118,20240625,20240720,92,96,32,22,56,6.00,Discontinued
541,95,918,641,20250208,20240624,20250117,70,96,63,84,35,9.00,Backordered
542,845,687,186,20240505,20241027,20240810,91,78,63,15,61,25.00,Backordered
543,984,271,664,20241116,20240827,20241015,60,1,42,91,42,2.45,Active
544,195,566,984,20241204,20240602,20250108,91,84,56,90,11,3.00,Active
545,585,286,816,20241022,20240508,20240816,51,35,80,89,95,10.00,Backordered
546,549,449,944,20241213,20250112,20241126,47,26,30,72,40,3.25,Active
547,890,421,506,20241105,20241107,20240227,64,28,74,50,35,2.00,Active
548,415,331,31,20240411,20240303,20240526,36,30,68,88,44,0.20,Backordered
549,244,600,258,20241213,20250127,20240819,99,1,50,53,4,3.00,Backordered
550,474,793,195,20250219,20240713,20240326,92,99,43,90,93,4.00,Discontinued
551,639,799,793,20241114,20240523,20241014,76,98,62,48,41,1.75,Backordered
552,752,732,720,20240712,20250217,20241121,38,91,53,87,94,5.70,Discontinued
553,295,508,353,20241118,20241114,20240708,43,10,27,69,15,1.00,Active
554,850,513,822,20240727,20240622,20240524,44,77,89,64,45,2.00,Discontinued
555,668,714,905,20240415,20240601,20250109,47,41,39,54,63,3.00,Active
556,563,674,513,20240825,20250217,20241030,57,63,53,94,41,1.50,Discontinued
557,272,507,35,20240712,20240929,20240822,97,97,53,31,71,4.50,Active
558,130,613,297,20240918,20240907,20240601,66,19,30,49,20,2.40,Active
559,381,4,356,20250126,20241204,20240722,84,13,25,34,88,15.00,Backordered
560,379,902,791,20240709,20241108,20240712,22,60,62,3,73,4.20,Backordered
561,467,726,86,20250207,20241029,20240517,26,83,75,12,24,4.75,Backordered
562,135,76,826,20240308,20241129,20241017,100,52,86,70,2,3.00,Backordered
563,100,288,619,20240915,20240608,20241129,73,12,89,92,28,15.00,Active
564,798,663,11,20250117,20240714,20240415,23,38,40,15,54,10.00,Active
565,392,812,355,20240703,20240306,20241105,77,20,42,19,37,4.25,Backordered
566,310,869,540,20241227,20241207,20241109,92,39,30,41,50,1.60,Backordered
567,914,623,358,20241208,20240229,20240317,99,87,93,70,10,25.00,Active
568,581,543,124,20240818,20240403,20241103,85,4,95,70,75,6.50,Backordered
569,251,81,585,20241013,20241204,20240610,11,9,48,96,65,2.00,Discontinued
570,459,313,952,20240905,20241023,20240503,40,30,33,84,60,15.00,Active
571,703,740,842,20240502,20250106,20240711,30,42,48,23,8,7.00,Active
572,437,316,121,20240315,20250218,20240330,36,64,91,35,63,20.00,Backordered
573,778,765,200,20250109,20240704,20241102,20,68,38,51,20,12.00,Active
574,80,332,187,20240729,20250106,20250210,26,95,92,14,36,4.50,Active
575,618,522,272,20240528,20241028,20241226,46,28,65,57,73,9.00,Discontinued
576,833,588,968,20241022,20240814,20241121,99,54,80,10,71,1.50,Discontinued
577,283,589,831,20240911,20240528,20240613,69,53,28,56,32,9.20,Active
578,418,66,101,20240309,20240830,20240622,43,78,48,98,85,2.50,Backordered
579,556,768,751,20240417,20240402,20241105,63,62,67,17,18,0.20,Active
580,574,498,937,20240906,20241228,20241104,88,78,58,21,17,2.50,Active
581,124,117,5,20241019,20241206,20240624,42,88,34,51,17,10.50,Discontinued
582,758,34,214,20240813,20241213,20240227,14,66,86,15,1,6.00,Backordered
583,737,848,557,20241004,20250125,20240701,14,75,65,62,10,10.00,Active
584,450,506,923,20241106,20241220,20240421,12,54,31,88,48,1.00,Backordered
585,239,903,889,20250106,20240804,20240725,81,16,23,96,69,4.30,Backordered
586,273,837,608,20250213,20240811,20240406,67,79,73,36,98,7.00,Active
587,540,586,334,20250103,20240312,20240717,34,94,96,30,69,0.80,Backordered
588,240,963,253,20240708,20241011,20250211,11,72,89,4,5,15.00,Active
589,876,597,647,20241122,20240909,20241023,52,64,21,55,54,2.40,Backordered
590,922,46,546,20240505,20240812,20240620,18,72,25,81,71,2.00,Active
591,570,178,908,20250129,20241117,20250102,71,36,87,2,45,3.50,Backordered
592,842,93,504,20240325,20240707,20241019,82,67,26,1,67,2.75,Backordered
593,891,158,950,20240510,20240310,20240914,88,56,98,86,81,10.00,Discontinued
594,573,760,169,20250105,20240512,20240525,18,14,78,4,77,2.50,Backordered
595,178,719,685,20240817,20240321,20240309,63,4,40,69,46,2.50,Discontinued
596,985,411,938,20240727,20241002,20240320,74,10,100,66,74,20.00,Backordered
597,816,531,310,20250222,20240616,20240507,24,15,35,4,6,4.75,Discontinued
598,477,858,332,20250119,20240717,20241013,97,52,22,90,80,3.00,Backordered
599,97,722,897,20240321,20240229,20240622,61,77,51,48,45,2.50,Backordered
600,904,813,118,20240630,20240331,20240826,50,40,28,98,69,2.50,Active
601,923,226,672,20241117,20240428,20241015,68,43,75,35,96,20.00,Backordered
602,129,445,48,20240601,20240602,20241005,60,9,95,63,89,9.00,Active
603,759,393,888,20240315,20240823,20240805,44,26,63,59,60,4.75,Discontinued
604,325,730,774,20240803,20240816,20240502,26,21,40,59,47,10.00,Discontinued
605,520,539,152,20240912,20241231,20250126,22,40,98,60,7,5.00,Active
606,403,437,7,20240630,20250222,20250113,90,22,81,88,20,4.50,Backordered
607,66,435,4,20250119,20241113,20240617,29,4,59,52,17,8.00,Active
608,587,524,13,20240327,20240521,20241121,23,13,31,28,15,20.00,Backordered
609,799,16,718,20240826,20241207,20240521,31,89,46,54,7,5.90,Discontinued
610,263,389,438,20241002,20241119,20240805,98,77,92,29,7,7.00,Discontinued
611,974,779,535,20250113,20241119,20241125,89,66,39,25,28,6.50,Active
612,773,52,528,20241125,20240820,20240802,64,97,48,100,91,3.00,Active
613,790,757,194,20240725,20240403,20241010,17,45,37,16,44,6.00,Active
614,339,820,14,20240927,20240829,20250206,97,57,95,28,84,7.00,Active
615,99,895,814,20240616,20240408,20240601,43,41,27,78,100,8.00,Active
616,704,626,471,20240530,20240321,20250122,63,62,62,45,98,2.50,Backordered
617,433,220,877,20241127,20240430,20240622,88,27,57,37,92,5.50,Discontinued
618,883,870,368,20240923,20240710,20240330,26,82,76,88,19,1.50,Active
619,831,818,884,20240806,20240603,20240909,68,29,53,20,31,7.00,Backordered
620,801,679,188,20250106,20241130,20241109,35,19,88,6,30,6.50,Backordered
621,420,355,764,20240306,20240715,20250121,85,33,64,38,50,1.80,Discontinued
622,877,357,776,20240408,20240824,20240405,68,82,90,2,58,4.80,Backordered
623,5,590,746,20241019,20241211,20241014,91,98,100,20,6,2.00,Backordered
624,91,729,855,20240501,20240728,20240520,27,22,91,77,89,7.00,Discontinued
625,530,361,975,20250117,20240712,20240923,55,58,48,17,6,7.20,Discontinued
626,191,13,934,20240405,20240627,20241028,24,21,85,17,4,6.00,Backordered
627,314,395,544,20240307,20241002,20241109,61,22,90,11,98,30.00,Active
628,863,486,762,20240615,20240627,20250201,59,27,92,82,63,1.75,Discontinued
629,304,87,741,20240830,20240827,20241026,22,35,41,27,55,6.00,Active
630,698,913,428,20240622,20240523,20240416,77,58,63,28,13,3.50,Discontinued
631,349,830,346,20240411,20241112,20240808,82,65,30,78,69,4.45,Backordered
632,909,311,714,20240722,20250221,20250129,13,61,42,18,77,5.50,Backordered
633,525,853,66,20240310,20240709,20240817,31,61,55,70,28,2.10,Active
634,782,248,491,20240417,20241201,20240320,98,14,48,38,11,2.50,Discontinued
635,466,429,274,20240406,20241228,20240408,66,31,85,39,18,2.50,Backordered
636,329,21,473,20240810,20240727,20240509,45,70,25,39,98,2.45,Backordered
637,26,177,144,20240623,20240707,20250103,58,17,62,89,26,7.00,Backordered
638,735,149,507,20241010,20240816,20241110,46,39,36,54,11,4.75,Active
639,495,684,525,20241105,20240702,20240408,85,17,92,34,96,18.00,Discontinued
640,917,753,648,20241003,20241206,20250115,34,96,90,34,76,6.15,Discontinued
641,944,398,773,20240403,20240410,20240527,62,36,31,25,96,4.75,Discontinued
642,336,897,93,20240410,20240517,20250108,82,31,66,74,86,20.00,Active
643,958,29,369,20241012,20241204,20240601,78,16,25,96,37,4.70,Backordered
644,478,156,414,20241229,20240321,20240806,38,82,52,47,17,2.00,Discontinued
645,868,982,677,20250213,20240803,20241005,50,20,30,57,74,2.00,Backordered
646,4,712,477,20241025,20240608,20250103,40,38,21,45,32,3.20,Backordered
647,227,106,622,20240228,20240515,20250204,93,8,93,85,51,8.00,Backordered
648,686,96,209,20240730,20240520,20240721,88,99,93,99,41,5.50,Backordered
649,978,433,140,20241206,20240614,20240914,15,49,68,74,40,4.50,Discontinued
650,627,11,485,20241125,20240414,20240810,98,30,31,26,39,10.00,Active
651,18,646,218,20250126,20240302,20240306,73,31,22,47,49,6.00,Discontinued
652,323,441,436,20240707,20240601,20240322,36,53,67,43,92,3.50,Backordered
653,462,887,193,20240303,20240613,20241213,36,3,74,8,54,6.00,Discontinued
654,965,38,892,20250205,20240502,20240527,74,81,51,67,41,6.00,Active
655,900,770,719,20240719,20250216,20250128,79,47,83,69,51,9.50,Discontinued
656,359,599,586,20240606,20241203,20240708,11,58,49,34,26,6.20,Active
657,554,472,678,20241110,20240730,20241001,89,56,27,51,74,2.50,Backordered
658,17,985,760,20240722,20250130,20240615,30,81,99,3,99,9.00,Backordered
659,506,645,276,20240327,20240516,20240917,50,56,70,100,63,3.00,Discontinued
660,748,39,367,20240528,20250222,20240530,31,43,46,78,80,1.50,Backordered
661,72,258,572,20240921,20240531,20241208,62,91,41,77,14,2.50,Discontinued
662,446,405,172,20240425,20250122,20241127,97,99,57,42,96,4.00,Backordered
663,366,59,156,20241025,20240521,20240620,99,44,36,2,52,2.00,Discontinued
664,815,694,845,20241219,20241119,20240501,77,52,48,43,28,4.00,Active
665,197,499,117,20241123,20250209,20240626,51,19,73,42,96,4.50,Active
666,334,932,516,20240921,20241225,20240518,100,61,85,79,21,7.00,Backordered
667,534,418,786,20240721,20240826,20241203,59,17,69,82,1,30.00,Active
668,967,654,515,20240522,20240507,20240617,61,17,31,29,69,2.52,Active
669,709,861,981,20240711,20250119,20250216,75,69,43,18,100,4.50,Backordered
670,546,373,523,20240405,20241209,20240519,92,67,23,78,51,4.00,Discontinued
671,592,751,1,20241205,20250221,20241222,68,12,39,6,42,10.00,Backordered
672,101,129,686,20240604,20240528,20250103,39,93,26,44,57,2.50,Backordered
673,969,61,838,20240416,20240809,20241128,27,1,34,63,3,30.00,Backordered
674,751,959,296,20241022,20240622,20240815,25,97,72,23,63,2.30,Discontinued
675,803,57,43,20240630,20240326,20240819,26,16,64,79,69,1.20,Discontinued
676,301,608,896,20241229,20240523,20240817,87,91,90,75,23,14.90,Backordered
677,107,276,145,20241113,20240826,20240823,78,34,62,2,39,20.50,Active
678,952,256,65,20241223,20250212,20240426,63,38,23,18,77,1.00,Active
679,348,168,630,20240814,20250204,20241106,53,86,44,3,54,3.00,Discontinued
680,106,565,104,20240425,20240721,20240322,19,100,66,28,83,2.50,Discontinued
681,610,200,160,20240825,20250122,20240619,74,22,24,12,91,9.50,Active
682,780,945,880,20240524,20240822,20240517,64,95,55,1,62,6.00,Discontinued
683,723,690,512,20240518,20250105,20240417,12,28,46,88,11,3.00,Backordered
684,471,43,819,20250105,20250111,20241013,19,92,51,79,41,2.00,Active
685,243,233,902,20241027,20240628,20240724,12,83,22,9,93,1.75,Backordered
686,714,609,401,20241008,20240226,20250119,61,50,24,92,9,4.50,Active
687,927,413,852,20240705,20240726,20240408,69,65,98,50,91,3.00,Backordered
688,250,937,486,20240328,20250101,20240503,85,92,54,85,66,6.70,Backordered
689,814,788,604,20240829,20250116,20240615,60,88,94,15,65,4.00,Active
690,268,222,249,20240619,20240311,20240829,100,21,20,13,64,7.00,Backordered
691,184,549,650,20241107,20240429,20240509,82,6,21,58,53,5.00,Active
692,371,412,350,20240421,20240612,20250124,65,36,32,70,37,3.50,Backordered
693,856,160,574,20240421,20250106,20240626,14,99,28,45,97,4.20,Discontinued
694,580,576,910,20240518,20240920,20240430,47,7,29,20,63,2.00,Backordered
695,247,578,327,20250121,20240320,20240824,60,90,47,9,85,3.00,Discontinued
696,248,336,137,20240321,20240914,20240531,17,3,49,17,33,3.00,Backordered
697,389,5,493,20250119,20250112,20240331,47,20,49,19,65,1.75,Backordered
698,154,953,568,20240623,20240516,20241229,64,14,53,33,44,8.00,Active
699,848,171,985,20240731,20240727,20240707,70,31,23,80,55,4.50,Discontinued
700,365,921,53,20250130,20240727,20240316,74,65,21,42,5,7.00,Discontinued
701,28,667,373,20241222,20240907,20240919,61,90,79,84,26,2.50,Discontinued
702,257,916,159,20240916,20241105,20241024,83,61,35,7,4,1.00,Backordered
703,912,844,105,20240708,20250107,20240820,44,83,46,4,78,1.80,Discontinued
704,223,44,737,20241201,20241223,20241118,49,1,97,95,28,2.00,Active
705,327,114,59,20241007,20240516,20240508,38,22,33,62,71,5.00,Active
706,38,456,134,20241021,20250219,20250118,17,88,45,29,41,2.50,Backordered
707,887,715,196,20240802,20240410,20240527,67,57,78,60,36,1.80,Active
708,851,403,348,20241224,20241017,20240524,84,74,64,32,48,4.50,Backordered
709,88,636,895,20240413,20240617,20241123,36,75,26,41,35,2.90,Discontinued
710,407,232,541,20240430,20241018,20240607,16,20,81,62,45,8.00,Active
711,889,63,479,20240902,20240225,20250215,60,64,34,48,36,10.00,Discontinued
712,874,482,151,20250128,20240228,20240225,21,28,69,51,72,9.00,Backordered
713,784,836,807,20250128,20241120,20240729,65,88,89,37,20,2.50,Backordered
714,558,966,499,20241031,20240423,20241210,75,91,96,73,68,3.00,Backordered
715,771,26,960,20241023,20240405,20240626,91,59,30,63,49,6.00,Active
716,571,7,620,20250206,20241003,20240703,47,75,70,20,53,6.00,Discontinued
717,128,546,29,20241103,20240610,20241126,59,78,32,3,6,4.50,Active
718,921,304,497,20241211,20240817,20240829,75,48,96,65,25,3.00,Backordered
719,700,144,706,20240429,20240512,20250224,58,23,82,61,66,1.80,Backordered
720,568,6,284,20250201,20240824,20241207,91,73,51,49,77,4.75,Discontinued
721,757,280,609,20250108,20250125,20240909,81,87,94,10,15,6.00,Backordered
722,858,139,951,20241107,20250216,20240825,19,77,62,100,66,10.00,Active
723,828,407,185,20240818,20241110,20240315,59,59,57,50,10,7.00,Active
724,427,635,906,20241225,20240712,20240628,30,25,42,76,11,8.00,Active
725,412,228,496,20250224,20240312,20241022,56,50,99,5,80,8.00,Discontinued
726,121,572,291,20240525,20240603,20240730,85,90,61,80,16,5.00,Backordered
727,908,816,511,20240630,20240724,20240718,85,86,78,53,21,6.50,Backordered
728,739,348,62,20240326,20240428,20240906,18,62,61,78,2,3.00,Discontinued
729,212,423,307,20240814,20240826,20240906,83,35,94,68,43,0.20,Discontinued
730,811,73,302,20240826,20241120,20241009,80,9,54,62,29,8.10,Active
731,42,528,416,20240401,20241221,20240408,38,67,35,24,66,12.00,Discontinued
732,63,702,542,20240705,20241008,20240901,79,38,43,93,67,2.50,Discontinued
733,936,806,894,20241221,20240409,20240622,39,16,98,12,57,4.00,Active
734,353,923,547,20241010,20240629,20240929,12,86,75,86,98,4.00,Discontinued
735,484,975,482,20240603,20250116,20240805,12,59,75,92,62,4.50,Backordered
736,550,450,56,20241005,20240710,20240816,29,91,28,40,48,12.00,Active
737,605,796,749,20240603,20241022,20240321,92,52,72,96,80,2.50,Discontinued
738,597,417,180,20240503,20241004,20241122,34,29,90,23,65,2.00,Discontinued
739,872,723,97,20250218,20240730,20240316,41,66,55,74,50,2.00,Backordered
740,711,444,91,20250105,20240831,20250118,98,41,70,75,98,6.35,Backordered
741,688,187,425,20241104,20241219,20240422,30,34,61,13,96,6.30,Backordered
742,264,457,351,20240802,20240321,20240719,100,1,47,79,26,5.00,Active
743,865,532,625,20250204,20240726,20240423,41,94,88,92,4,3.00,Discontinued
744,939,857,192,20240403,20240520,20240906,67,60,30,6,21,2.75,Active
745,529,771,598,20250120,20240907,20241215,90,62,70,83,54,3.00,Discontinued
746,10,162,383,20240315,20240905,20240417,33,44,93,19,89,4.75,Discontinued
747,884,677,566,20250209,20240311,20240917,93,68,30,37,71,0.80,Discontinued
748,717,206,926,20241227,20240526,20250125,45,36,36,6,97,20.00,Active
749,192,942,234,20250219,20240625,20250117,43,21,22,25,31,2.50,Backordered
750,656,631,223,20241024,20240820,20240827,28,17,38,25,28,6.00,Active
751,934,182,331,20250112,20240412,20240628,88,56,25,36,72,2.00,Active
752,54,568,567,20240906,20241103,20240522,78,94,69,40,7,4.35,Backordered
753,612,842,233,20240816,20250125,20240830,79,3,46,29,36,4.00,Discontinued
754,916,376,662,20240326,20241124,20240608,48,2,27,1,16,2.80,Discontinued
755,363,705,690,20240430,20241021,20240922,51,100,40,21,70,3.00,Discontinued
756,200,931,623,20240815,20240614,20241223,89,57,38,16,92,5.00,Active
757,288,227,278,20241103,20240830,20250219,18,50,44,19,77,1.45,Active
758,513,791,959,20240515,20240716,20241214,99,6,49,9,88,3.00,Active
759,90,871,319,20240908,20240227,20240229,70,81,24,54,75,2.00,Backordered
760,430,860,342,20241215,20241230,20240824,100,64,84,44,62,2.50,Discontinued
761,61,351,828,20241020,20240228,20240907,86,90,98,85,39,2.10,Active
762,98,505,524,20241018,20240828,20250116,32,91,69,80,80,10.00,Discontinued
763,695,670,860,20250207,20250117,20241213,92,54,79,1,73,3.10,Backordered
764,977,764,878,20240603,20240926,20240718,33,18,98,56,92,6.00,Discontinued
765,261,827,692,20240531,20250208,20241228,65,61,29,11,82,2.00,Backordered
766,367,83,742,20240904,20240404,20240521,56,75,42,53,13,5.00,Backordered
767,920,673,265,20250213,20250101,20240911,59,73,32,56,86,2.75,Backordered
768,763,95,447,20240915,20240420,20240606,41,76,50,50,47,2.65,Backordered
769,913,585,869,20241227,20250113,20240814,74,62,65,96,6,4.00,Active
770,84,2,730,20250109,20240607,20241016,63,56,35,16,33,2.50,Backordered
771,766,346,391,20241218,20250224,20250128,19,47,96,37,25,5.00,Discontinued
772,320,898,293,20241128,20240924,20240830,33,22,96,56,94,15.00,Discontinued
773,505,938,157,20240418,20240317,20240917,22,19,88,24,4,0.20,Discontinued
774,669,225,505,20240915,20240923,20250113,46,27,64,96,76,5.00,Active
775,357,581,584,20241208,20240307,20240920,94,60,100,42,78,0.80,Active
776,747,627,135,20240318,20240320,20241101,94,34,74,70,21,5.50,Backordered
777,19,556,637,20240616,20240529,20250202,32,38,52,11,23,2.50,Discontinued
778,116,800,468,20240406,20240424,20241013,41,52,57,62,75,4.50,Backordered
779,278,352,385,20240417,20250204,20240525,84,58,51,12,28,6.00,Active
780,330,728,451,20241209,20240412,20240909,20,55,86,61,15,2.50,Backordered
781,988,511,655,20241125,20250130,20240515,39,88,28,18,100,8.00,Backordered
782,847,886,601,20241219,20240709,20240929,86,55,37,53,96,10.00,Backordered
783,615,826,668,20240711,20240506,20240501,79,72,67,63,6,4.00,Active
784,266,489,162,20240815,20240707,20240620,39,55,47,59,39,3.00,Backordered
785,918,706,254,20240620,20240519,20240323,86,23,100,86,1,9.00,Backordered
786,177,270,565,20241231,20240308,20240824,89,34,60,2,15,6.00,Discontinued
787,553,854,600,20250218,20240926,20240620,85,57,30,42,25,3.50,Discontinued
788,903,24,76,20250104,20240705,20240313,18,78,85,97,43,6.00,Active
789,377,447,8,20240809,20241207,20240725,47,29,61,44,70,20.00,Active
790,609,409,18,20240226,20240815,20240306,73,90,75,19,77,4.00,Backordered
791,935,419,529,20240504,20240624,20241201,24,35,91,71,14,2.50,Backordered
792,875,866,328,20241221,20240903,20250116,43,65,78,73,66,6.00,Backordered
793,990,318,859,20240225,20241127,20240720,22,89,30,62,25,21.00,Discontinued
794,253,790,545,20241108,20240330,20240907,29,36,60,96,40,4.00,Backordered
795,71,606,298,20241027,20241025,20240919,75,56,63,64,57,1.90,Discontinued
796,712,301,670,20240619,20240423,20240417,41,22,86,30,11,7.00,Active
797,697,744,580,20240521,20240330,20240430,47,72,93,27,73,4.00,Backordered
798,170,402,79,20241012,20240302,20240804,95,87,61,4,13,2.00,Backordered
799,148,120,815,20250224,20240624,20240225,88,40,96,87,29,15.00,Discontinued
800,431,183,974,20241219,20240730,20250128,96,80,94,49,20,6.10,Discontinued
801,502,430,199,20240802,20240929,20241214,11,30,84,4,4,4.00,Active
802,836,262,966,20240704,20241004,20240515,41,36,38,75,78,4.50,Backordered
803,7,469,393,20241022,20250107,20241116,20,17,50,65,71,8.00,Active
804,500,325,883,20250106,20240601,20240506,20,20,62,69,56,1.80,Backordered
805,544,192,42,20250121,20250207,20250215,45,24,44,34,61,6.00,Backordered
806,262,671,783,20240713,20241002,20241219,43,40,95,26,30,7.00,Active
807,538,410,564,20241029,20240711,20241107,29,66,74,93,21,8.00,Discontinued
808,795,229,972,20241226,20240227,20240429,16,34,35,52,89,18.00,Backordered
809,222,481,743,20250203,20241113,20240319,88,37,63,35,61,2.90,Discontinued
810,662,267,661,20240427,20240501,20240427,49,93,52,31,15,4.50,Backordered
811,133,512,488,20240612,20241220,20240908,34,1,58,36,79,6.20,Discontinued
812,813,371,681,20250109,20240328,20240415,50,14,52,75,99,4.75,Active
813,60,912,658,20241008,20241110,20250222,21,63,38,73,65,1.50,Discontinued
814,756,786,69,20241124,20240501,20250108,39,21,51,98,5,3.00,Backordered
815,852,244,456,20241117,20240725,20241109,32,63,84,34,92,4.90,Discontinued
816,545,289,173,20241010,20240506,20241225,11,10,93,53,60,2.50,Discontinued
817,629,615,10,20241125,20250203,20241114,35,92,76,32,74,2.00,Active
818,829,518,734,20240518,20241002,20241224,84,46,66,84,80,3.50,Discontinued
819,210,708,182,20241015,20240619,20250121,26,54,25,81,90,3.00,Active
820,36,754,171,20241222,20240502,20241206,28,32,32,49,71,2.50,Discontinued
821,954,948,77,20240714,20240318,20240605,44,67,44,72,31,2.50,Discontinued
822,435,979,380,20240708,20250116,20250213,94,69,24,20,68,4.00,Discontinued
823,453,28,710,20240808,20240411,20241228,68,7,69,1,37,2.50,Discontinued
824,391,199,287,20240420,20240818,20250218,38,43,72,64,91,4.00,Active
825,864,310,588,20241020,20240525,20240917,76,11,22,91,15,1.80,Active
826,57,90,444,20240525,20240728,20250119,93,76,76,51,82,2.50,Backordered
827,417,500,674,20241208,20250112,20240420,37,45,34,23,62,5.50,Backordered
828,682,202,396,20250104,20241202,20240927,94,56,47,96,80,4.00,Backordered
829,432,900,834,20240609,20240613,20241110,12,95,25,23,49,1.00,Backordered
830,762,647,16,20241105,20250214,20250128,28,90,76,78,70,2.45,Active
831,290,602,788,20250113,20240412,20240530,48,27,52,97,73,2.55,Discontinued
832,409,892,75,20250114,20241004,20250107,97,41,35,16,68,1.50,Discontinued
833,779,365,235,20240417,20241019,20240718,77,95,29,46,82,6.50,Backordered
834,616,425,780,20241027,20250220,20240302,29,20,31,31,85,4.50,Active
835,870,805,643,20250219,20250211,20241020,98,40,30,53,93,1.50,Active
836,86,72,805,20241012,20240723,20250128,23,85,92,72,94,3.00,Backordered
837,267,294,554,20240310,20240711,20240523,47,30,22,81,16,2.50,Active
838,490,343,418,20240615,20240504,20240919,48,12,59,23,62,7.00,Active
839,145,497,731,20240506,20241125,20240229,41,56,93,88,12,9.75,Active
840,598,494,558,20240626,20240905,20240412,80,43,64,53,80,7.00,Active
841,182,612,252,20250221,20240925,20240810,57,62,23,4,72,4.00,Backordered
842,328,440,651,20240525,20240523,20240917,24,25,24,77,52,4.50,Backordered
843,489,711,645,20241207,20240803,20240319,58,48,98,69,9,3.50,Active
844,579,196,466,20240312,20240811,20240612,19,73,70,48,60,2.45,Backordered
845,37,274,201,20240512,20241003,20240530,65,79,56,94,52,8.00,Discontinued
846,676,94,649,20240415,20240429,20240409,56,86,67,56,23,3.20,Backordered
847,866,785,126,20241022,20241217,20240814,63,41,37,7,98,11.90,Active
848,120,439,213,20240803,20240709,20240928,72,82,51,95,52,9.75,Backordered
849,959,487,840,20241014,20241017,20240512,34,95,41,26,18,5.00,Discontinued
850,589,721,446,20241226,20241218,20240705,64,11,33,83,97,1.50,Discontinued
851,560,875,197,20241024,20240730,20240614,89,26,48,94,36,7.50,Active
852,855,315,801,20240302,20240714,20240603,47,22,26,59,69,4.00,Backordered
853,559,939,15,20241014,20240417,20240529,50,58,83,49,78,3.00,Active
854,193,98,70,20240905,20240921,20240324,44,67,90,11,48,6.00,Active
855,425,616,285,20240505,20250123,20250216,100,92,84,9,26,6.00,Active
856,426,142,78,20240605,20250116,20241121,99,3,65,16,79,5.00,Backordered
857,360,253,423,20240624,20241225,20240605,12,7,66,4,48,2.30,Discontinued
858,270,955,738,20250106,20241031,20240909,85,66,65,58,85,4.20,Discontinued
859,168,159,125,20240719,20240823,20240515,29,33,50,35,88,0.80,Discontinued
860,678,397,463,20240706,20241117,20240410,72,32,25,9,80,2.45,Backordered
861,694,18,787,20241011,20240629,20241115,34,55,77,85,22,5.00,Active
862,235,33,437,20240601,20250223,20240822,81,22,95,77,20,10.00,Discontinued
863,902,138,150,20241210,20240320,20240419,56,12,52,46,85,5.00,Active
864,646,296,575,20250201,20250212,20250214,15,75,71,21,78,1.90,Discontinued
865,117,193,245,20241009,20240428,20241030,40,81,40,48,40,9.00,Backordered
866,818,70,874,20250123,20240807,20250208,54,17,60,20,90,9.50,Active
867,469,762,781,20241230,20240316,20240926,61,31,95,61,100,12.50,Active
868,769,950,919,20240318,20240513,20240520,86,80,22,67,80,4.50,Discontinued
869,718,797,754,20240608,20240328,20250204,95,66,92,72,69,2.48,Backordered
870,493,254,549,20240614,20241005,20240714,38,37,45,88,27,3.50,Backordered
871,22,614,917,20240721,20250209,20250208,16,23,50,27,76,6.10,Backordered
872,498,668,455,20250214,20240811,20241224,91,96,90,75,90,7.50,Backordered
873,34,847,763,20240616,20241106,20241109,97,20,51,51,8,6.50,Active
874,844,317,183,20250107,20240605,20240506,87,51,55,100,67,10.00,Backordered
875,649,56,453,20241212,20240812,20240701,50,36,53,73,96,6.50,Backordered
876,226,102,722,20240511,20241213,20240417,87,24,83,3,19,2.50,Discontinued
877,880,823,577,20240419,20240313,20240912,61,20,71,97,29,3.00,Backordered
878,335,344,687,20240512,20240625,20240814,89,22,83,25,23,5.50,Discontinued
879,169,883,835,20241009,20240819,20250203,71,93,77,58,75,7.00,Discontinued
880,30,509,442,20250110,20241005,20240917,46,43,68,59,46,3.50,Backordered
881,160,84,402,20241105,20240707,20240626,97,88,97,18,81,0.80,Discontinued
882,463,672,618,20240405,20240317,20250202,85,83,49,75,13,1.75,Backordered
883,496,767,551,20240809,20250208,20241228,30,66,63,98,28,5.50,Active
884,419,617,470,20240809,20240822,20240816,35,4,90,30,76,4.00,Discontinued
885,83,434,191,20250126,20240616,20240806,96,9,78,67,57,11.80,Active
886,645,238,100,20240818,20240529,20250110,79,53,45,95,12,9.00,Discontinued
887,749,559,532,20250110,20240705,20240412,42,4,37,53,53,10.00,Active
888,683,277,597,20240714,20241205,20250120,99,10,69,98,88,12.00,Active
889,358,651,102,20240811,20240316,20240526,71,10,66,43,49,1.50,Active
890,455,603,916,20240704,20240309,20240901,25,44,36,16,96,18.00,Active
891,787,291,803,20240329,20250205,20240722,73,83,87,10,74,5.00,Discontinued
892,398,115,316,20241025,20250204,20240902,56,28,93,69,76,3.00,Active
893,394,15,203,20240917,20240827,20250202,56,12,35,16,59,98.43,Active
894,511,470,3,20240923,20240701,20240523,63,12,56,31,82,1.70,Backordered
895,857,111,729,20240508,20240227,20250202,87,70,73,44,77,3.20,Active
896,503,273,222,20241216,20240529,20241009,62,49,42,44,38,2.50,Discontinued
897,810,99,531,20241118,20241008,20241203,85,16,58,36,74,3.85,Backordered
898,776,460,206,20240420,20240914,20240419,43,66,66,65,85,2.50,Discontinued
899,820,703,683,20241211,20241028,20241209,88,100,25,28,17,2.50,Discontinued
900,220,386,811,20240818,20241122,20240516,14,74,37,22,71,1.50,Discontinued
901,517,364,95,20240410,20241015,20240328,24,89,99,1,27,10.00,Discontinued
902,470,885,517,20241105,20241108,20241218,88,24,72,88,44,6.00,Backordered
903,161,22,57,20240820,20240630,20240612,85,28,45,89,21,3.00,Active
904,770,362,850,20241014,20240605,20241027,64,10,97,52,100,2.50,Active
905,910,328,652,20241016,20250203,20250223,72,58,96,23,69,1.20,Backordered
906,20,766,227,20240312,20250212,20241128,62,89,35,36,18,12.00,Active
907,982,161,857,20240526,20240508,20240716,81,23,92,78,17,6.25,Active
908,483,819,325,20240319,20240728,20240618,20,51,71,26,21,5.00,Backordered
909,277,477,553,20250203,20241030,20241219,98,40,46,9,100,2.00,Active
910,211,845,494,20250118,20240731,20241005,72,3,52,14,10,2.00,Backordered
911,190,560,946,20250224,20240704,20240929,53,98,41,84,23,5.00,Backordered
912,741,852,843,20250213,20241008,20240722,10,11,29,72,29,4.30,Backordered
913,132,10,452,20240624,20250224,20240317,72,87,94,57,39,6.00,Active
914,582,143,73,20241210,20250117,20240517,79,98,26,21,97,6.00,Backordered
915,382,692,181,20241123,20240918,20250107,26,100,45,45,13,2.50,Discontinued
916,869,936,224,20241214,20240729,20241027,28,40,30,56,27,1.20,Active
917,460,399,269,20240331,20241221,20241116,91,39,48,18,48,5.00,Active
918,621,127,92,20240909,20250214,20240912,19,65,59,53,48,6.00,Discontinued
919,508,697,85,20240307,20250101,20240426,41,21,50,99,47,5.00,Active
920,12,698,693,20240613,20241201,20240804,57,43,87,88,46,2.50,Discontinued
921,326,832,555,20240725,20241221,20240302,99,37,46,46,74,2.10,Active
922,206,230,246,20250128,20241120,20250209,45,63,83,5,75,7.00,Discontinued
923,849,428,366,20250201,20240726,20240506,76,15,60,49,99,9.50,Discontinued
924,561,215,231,20250125,20250124,20241121,17,63,23,46,66,2.50,Backordered
925,569,198,976,20240415,20240227,20250124,84,26,46,67,37,4.50,Backordered
926,822,157,67,20240327,20240509,20241220,86,16,34,66,37,2.50,Active
927,151,181,262,20240926,20240512,20240604,50,36,27,6,81,10.00,Discontinued
928,722,80,30,20240530,20240516,20240805,31,44,46,9,9,3.00,Discontinued
929,514,825,283,20241217,20241221,20240516,42,94,61,92,79,2.50,Backordered
930,772,75,255,20240411,20240529,20240729,22,77,68,46,15,3.00,Active
931,73,279,673,20241218,20240604,20240416,52,46,43,34,12,15.00,Backordered
932,945,834,739,20240314,20241228,20240316,88,71,28,14,9,18.00,Backordered
933,943,502,901,20240817,20240728,20241123,35,41,62,14,84,1.80,Backordered
934,584,436,624,20240818,20241012,20240406,80,100,100,28,48,12.00,Backordered
935,644,272,965,20240330,20240825,20250209,98,62,59,19,97,5.50,Active
936,614,527,216,20241001,20240817,20240526,76,54,69,27,76,2.50,Backordered
937,680,368,817,20240702,20240319,20240514,40,30,54,29,65,4.50,Active
938,383,32,443,20240831,20250213,20240428,15,44,56,12,88,3.00,Discontinued
939,279,745,772,20241211,20240807,20240518,36,90,35,68,57,25.00,Backordered
940,294,17,726,20250214,20240820,20240728,17,38,100,63,93,9.00,Active
941,590,466,211,20240823,20240917,20250123,44,48,67,79,77,2.50,Discontinued
942,443,392,60,20241226,20240627,20241119,60,27,43,91,58,25.30,Active
943,340,488,563,20240527,20240410,20241215,44,97,80,33,76,10.00,Discontinued
944,48,109,941,20250209,20240615,20250220,22,69,34,26,87,5.50,Backordered
945,8,682,390,20240409,20240608,20241203,22,56,70,39,72,4.00,Discontinued
946,987,780,333,20240414,20250116,20240818,23,71,63,23,32,2.00,Discontinued
947,821,451,166,20240523,20241018,20240905,62,2,50,11,98,3.00,Discontinued
948,387,176,875,20241105,20240711,20240421,33,78,60,25,79,5.00,Discontinued
949,188,337,161,20240630,20240805,20250108,35,20,53,56,42,25.25,Discontinued
950,136,194,112,20240927,20240719,20240627,98,65,62,47,76,12.00,Active
951,707,839,232,20240707,20241220,20240831,36,81,73,60,54,4.75,Discontinued
952,343,580,341,20240728,20240721,20250202,26,18,57,86,62,2.50,Discontinued
953,201,330,957,20241206,20240630,20240612,59,20,45,15,17,5.00,Discontinued
954,487,58,904,20241111,20240915,20240702,97,77,43,40,13,7.00,Backordered
955,82,915,80,20250201,20240726,20241008,22,43,45,87,3,4.10,Backordered
956,736,266,794,20240402,20250107,20240329,65,63,28,26,41,20.00,Backordered
957,331,792,881,20240527,20241006,20241218,78,61,49,60,6,0.80,Active
958,892,108,536,20240614,20240225,20240514,57,25,78,37,98,2.50,Active
959,404,356,243,20240528,20240531,20240824,88,74,79,5,97,9.00,Active
960,946,153,820,20241029,20241229,20240225,84,92,92,69,18,1.50,Active
961,149,173,47,20240623,20240731,20250211,43,63,33,96,80,1.80,Discontinued
962,3,906,797,20240304,20240712,20240327,27,12,88,83,93,12.00,Discontinued
963,708,406,28,20241018,20241221,20250111,56,48,71,65,82,4.75,Backordered
964,202,755,596,20240331,20241026,20240917,70,29,62,55,24,0.20,Backordered
965,317,804,136,20240321,20240419,20240925,29,2,80,85,84,4.00,Backordered
966,242,987,632,20240309,20241124,20250213,34,49,78,20,27,4.00,Discontinued
967,906,367,964,20240617,20240522,20241117,74,60,99,68,27,4.00,Backordered
968,208,699,610,20241115,20240227,20250205,74,72,83,54,18,21.00,Active
969,89,650,19,20240426,20241022,20240414,55,13,37,4,71,4.45,Backordered
970,423,110,939,20250116,20250116,20240304,28,5,33,9,9,1.80,Discontinued
971,256,629,40,20240723,20240321,20240524,16,75,22,46,42,2.00,Active
972,728,131,90,20240908,20240606,20250115,62,89,23,11,6,20.00,Discontinued
973,408,201,189,20241026,20240618,20241011,31,29,25,22,57,2.50,Active
974,537,960,264,20240625,20240709,20250114,25,95,24,76,71,2.00,Backordered
975,588,103,899,20240430,20240610,20250206,62,31,89,100,24,25.00,Backordered
976,405,633,251,20240629,20240415,20240507,90,52,63,14,50,4.00,Discontinued
977,640,675,945,20240730,20240910,20240229,21,25,79,30,39,4.00,Active
978,480,630,63,20241013,20240228,20240827,98,100,53,20,34,9.00,Active
979,65,240,578,20240813,20250203,20240714,70,30,44,42,69,3.50,Discontinued
980,289,575,858,20250129,20240519,20240418,47,1,32,87,60,4.20,Discontinued
981,532,984,530,20241216,20240306,20240725,100,7,26,33,14,2.00,Backordered
982,166,92,725,20241105,20250205,20240321,77,1,58,55,41,1.00,Discontinued
983,351,873,179,20240330,20240316,20250215,82,25,66,14,94,7.50,Backordered
984,768,207,861,20240717,20241109,20250120,71,77,34,57,30,1.50,Backordered
985,690,734,313,20240516,20240706,20241230,62,79,34,12,95,1.00,Active
986,634,305,411,20241117,20250211,20240503,89,15,79,42,22,10.00,Discontinued
987,968,864,461,20240905,20240911,20250116,46,81,48,48,47,2.50,Active
988,953,45,982,20240308,20241221,20240523,98,24,89,80,4,4.10,Active
989,567,282,716,20241029,20241019,20240717,39,78,54,89,97,6.50,Backordered
990,413,334,2,20241123,20240811,20240618,51,47,53,4,6,2.50,Backordered
